-- phpMyAdmin SQL Dump
-- version 5.2.1
-- https://www.phpmyadmin.net/
--
-- 主機： 127.0.0.1
-- 產生時間： 2026-06-19 10:11:43
-- 伺服器版本： 10.4.32-MariaDB
-- PHP 版本： 8.2.12

SET SQL_MODE = "NO_AUTO_VALUE_ON_ZERO";
START TRANSACTION;
SET time_zone = "+00:00";


/*!40101 SET @OLD_CHARACTER_SET_CLIENT=@@CHARACTER_SET_CLIENT */;
/*!40101 SET @OLD_CHARACTER_SET_RESULTS=@@CHARACTER_SET_RESULTS */;
/*!40101 SET @OLD_COLLATION_CONNECTION=@@COLLATION_CONNECTION */;
/*!40101 SET NAMES utf8mb4 */;

--
-- 資料庫： `forum`
--

-- --------------------------------------------------------

--
-- 資料表結構 `browsing_history`
--

CREATE TABLE `browsing_history` (
  `id` int(11) NOT NULL,
  `user_id` int(11) NOT NULL,
  `post_id` int(11) NOT NULL,
  `viewed_at` timestamp NOT NULL DEFAULT current_timestamp() ON UPDATE current_timestamp()
) ENGINE=InnoDB DEFAULT CHARSET=utf8mb4 COLLATE=utf8mb4_general_ci;

--
-- 傾印資料表的資料 `browsing_history`
--

INSERT INTO `browsing_history` (`id`, `user_id`, `post_id`, `viewed_at`) VALUES
(1, 1, 5, '2026-05-24 01:20:50'),
(2, 1, 3, '2026-06-14 04:27:46'),
(3, 1, 1, '2026-05-18 14:10:30'),
(10, 6, 8, '2026-05-23 03:46:06'),
(11, 6, 4, '2026-05-23 04:18:44'),
(25, 6, 1, '2026-05-23 04:22:29'),
(32, 6, 9, '2026-05-23 04:29:51'),
(33, 6, 10, '2026-05-23 04:29:55'),
(34, 1, 4, '2026-05-24 01:20:46'),
(35, 1, 10, '2026-05-23 06:19:15'),
(36, 1, 11, '2026-05-24 01:37:03'),
(38, 1, 12, '2026-05-24 01:37:06'),
(43, 1, 13, '2026-05-24 01:37:38'),
(44, 3, 3, '2026-05-23 23:56:46'),
(45, 3, 5, '2026-05-23 23:58:13'),
(71, 1, 18, '2026-05-24 01:38:01'),
(78, 1, 19, '2026-05-24 01:39:33'),
(80, 6, 19, '2026-06-14 05:04:43'),
(82, 3, 19, '2026-06-14 04:22:26'),
(92, 6, 20, '2026-06-14 07:26:55'),
(95, 6, 12, '2026-06-14 05:22:03'),
(101, 6, 3, '2026-06-14 05:29:10'),
(102, 1, 20, '2026-06-19 07:30:16'),
(103, 1, 21, '2026-06-14 05:41:53'),
(105, 6, 21, '2026-06-14 07:26:16'),
(107, 6, 18, '2026-06-14 07:21:59'),
(113, 6, 22, '2026-06-14 07:33:41'),
(115, 3, 21, '2026-06-19 07:17:44'),
(117, 3, 23, '2026-06-19 08:09:20');

-- --------------------------------------------------------

--
-- 資料表結構 `categories`
--

CREATE TABLE `categories` (
  `id` int(11) NOT NULL,
  `name` varchar(50) NOT NULL,
  `description` text DEFAULT NULL
) ENGINE=InnoDB DEFAULT CHARSET=utf8mb4 COLLATE=utf8mb4_general_ci;

--
-- 傾印資料表的資料 `categories`
--

INSERT INTO `categories` (`id`, `name`, `description`) VALUES
(1, '心情', '分享你的生活點滴'),
(2, '技術', '程式開發與電腦硬體討論'),
(3, '美食', '全台各地美食推薦'),
(4, '遊戲', '主機遊戲與手遊交流'),
(6, '語言', NULL),
(7, '系統公告', NULL);

-- --------------------------------------------------------

--
-- 資料表結構 `comments`
--

CREATE TABLE `comments` (
  `id` int(11) NOT NULL,
  `post_id` int(11) NOT NULL,
  `user_id` int(11) NOT NULL,
  `content` text NOT NULL,
  `created_at` datetime DEFAULT current_timestamp(),
  `parent_id` int(11) DEFAULT NULL
) ENGINE=InnoDB DEFAULT CHARSET=utf8mb4 COLLATE=utf8mb4_general_ci;

--
-- 傾印資料表的資料 `comments`
--

INSERT INTO `comments` (`id`, `post_id`, `user_id`, `content`, `created_at`, `parent_id`) VALUES
(1, 1, 1, '確實', '2026-04-03 10:54:27', NULL),
(2, 2, 3, '我推薦你玩Minecraft', '2026-04-03 16:24:11', NULL),
(3, 2, 1, '好啊!我去買來玩看看!', '2026-04-04 11:13:03', NULL),
(4, 4, 3, '你的作業系統是甚麼???', '2026-04-05 17:11:07', NULL),
(5, 4, 1, 'Windows，請問我該怎做?', '2026-04-05 17:20:34', NULL),
(6, 4, 3, '左下角有產品logo，你按下去之後會看到關機的按鈕', '2026-04-05 17:23:16', NULL),
(7, 4, 3, '左下角有產品logo，你按下去之後會看到關機的按鈕', '2026-04-05 17:25:21', NULL),
(8, 4, 3, 'test', '2026-04-05 17:26:53', NULL),
(9, 4, 3, 'aaa', '2026-04-05 17:27:36', NULL),
(10, 4, 3, '回覆功能好難做= =', '2026-04-05 17:32:15', NULL),
(11, 5, 3, '第二題答案是B喔', '2026-04-19 14:24:19', NULL),
(12, 4, 6, '@B7 test', '2026-05-23 12:02:24', NULL),
(13, 4, 6, '@B8 test\r\n', '2026-05-23 12:09:38', NULL),
(14, 4, 6, '@B1 test', '2026-05-23 12:13:56', NULL),
(15, 4, 6, '@B10 test\r\n', '2026-05-23 12:14:08', NULL),
(16, 4, 6, '@B9 test', '2026-05-23 12:14:28', NULL),
(17, 4, 6, '@B11 test', '2026-05-23 12:18:35', NULL),
(18, 4, 6, 'test', '2026-05-23 12:18:44', NULL),
(19, 1, 6, 'test', '2026-05-23 12:19:11', NULL),
(20, 1, 6, '@B1 test', '2026-05-23 12:19:14', NULL),
(21, 1, 6, 'test', '2026-05-23 12:19:19', NULL),
(22, 1, 6, '@B3 test\r\n', '2026-05-23 12:22:23', NULL),
(23, 1, 6, 'test', '2026-05-23 12:22:29', NULL),
(24, 19, 1, '要玩的私我', '2026-05-24 09:39:32', NULL),
(25, 19, 6, '@B1 我加你好友了', '2026-05-24 09:40:05', NULL),
(26, 21, 6, '推薦你去吃麥當勞', '2026-06-14 14:57:35', NULL);

-- --------------------------------------------------------

--
-- 資料表結構 `friends`
--

CREATE TABLE `friends` (
  `id` int(11) NOT NULL,
  `user_id` int(11) NOT NULL,
  `friend_id` int(11) NOT NULL,
  `status` enum('pending','accepted') DEFAULT 'pending',
  `created_at` timestamp NOT NULL DEFAULT current_timestamp()
) ENGINE=InnoDB DEFAULT CHARSET=utf8mb4 COLLATE=utf8mb4_general_ci;

--
-- 傾印資料表的資料 `friends`
--

INSERT INTO `friends` (`id`, `user_id`, `friend_id`, `status`, `created_at`) VALUES
(5, 4, 1, 'accepted', '2026-04-19 06:31:42'),
(7, 1, 4, 'accepted', '2026-04-19 06:32:03'),
(9, 4, 3, 'accepted', '2026-05-08 05:58:27'),
(10, 3, 4, 'accepted', '2026-05-08 06:07:35'),
(21, 6, 1, 'accepted', '2026-06-14 07:22:01'),
(22, 1, 6, 'accepted', '2026-06-14 07:22:19'),
(25, 3, 1, 'accepted', '2026-06-19 07:26:12'),
(26, 1, 3, 'accepted', '2026-06-19 07:26:39');

-- --------------------------------------------------------

--
-- 資料表結構 `likes`
--

CREATE TABLE `likes` (
  `id` int(11) NOT NULL,
  `user_id` int(11) NOT NULL,
  `post_id` int(11) NOT NULL,
  `created_at` timestamp NOT NULL DEFAULT current_timestamp()
) ENGINE=InnoDB DEFAULT CHARSET=utf8mb4 COLLATE=utf8mb4_general_ci;

--
-- 傾印資料表的資料 `likes`
--

INSERT INTO `likes` (`id`, `user_id`, `post_id`, `created_at`) VALUES
(27, 3, 1, '2026-04-05 04:51:26'),
(31, 3, 3, '2026-04-05 08:55:01'),
(32, 1, 4, '2026-04-05 09:21:01'),
(35, 6, 5, '2026-05-09 07:43:23'),
(36, 3, 4, '2026-05-09 07:59:12'),
(37, 1, 6, '2026-05-18 13:52:44'),
(38, 1, 11, '2026-05-23 06:30:03'),
(39, 1, 12, '2026-05-23 06:30:53'),
(40, 1, 18, '2026-05-24 01:38:02'),
(41, 1, 19, '2026-05-24 01:39:22'),
(42, 1, 20, '2026-06-19 07:30:17');

-- --------------------------------------------------------

--
-- 資料表結構 `messages`
--

CREATE TABLE `messages` (
  `id` int(11) NOT NULL,
  `sender_id` int(11) NOT NULL,
  `receiver_id` int(11) NOT NULL,
  `message` text NOT NULL,
  `msg_type` enum('text','image') DEFAULT 'text',
  `is_read` tinyint(1) DEFAULT 0,
  `created_at` timestamp NOT NULL DEFAULT current_timestamp()
) ENGINE=InnoDB DEFAULT CHARSET=utf8mb4 COLLATE=utf8mb4_general_ci;

--
-- 傾印資料表的資料 `messages`
--

INSERT INTO `messages` (`id`, `sender_id`, `receiver_id`, `message`, `msg_type`, `is_read`, `created_at`) VALUES
(1, 3, 1, '你好', 'text', 1, '2026-04-06 05:30:12'),
(2, 3, 1, '找我有甚麼事情???', 'text', 1, '2026-04-06 05:30:23'),
(3, 1, 3, '抱歉，我加錯人好友了', 'text', 1, '2026-04-06 05:31:12'),
(4, 3, 4, '安安', 'text', 1, '2026-04-19 06:37:23'),
(5, 4, 3, '你好我是皮克敏', 'text', 1, '2026-04-19 06:37:59'),
(6, 3, 4, 'IMG_20260425_060701_69ec3de5a382d.jpg', 'image', 0, '2026-04-25 04:07:01'),
(7, 3, 4, '這我婆', 'text', 0, '2026-04-25 04:07:13'),
(8, 3, 4, 'IMG_20260425_060733_69ec3e05ab54c.jpg', 'image', 0, '2026-04-25 04:07:33'),
(9, 3, 4, 'test', 'text', 0, '2026-04-25 04:07:33'),
(10, 3, 4, 'test', 'text', 0, '2026-04-25 04:09:25'),
(11, 3, 4, 'IMG_69ec3e812ed12.png', 'image', 0, '2026-04-25 04:09:37'),
(12, 3, 4, 'IMG_69ec3e8a9ab7c.jpg', 'image', 0, '2026-04-25 04:09:46'),
(13, 3, 4, 'TEST', 'text', 0, '2026-04-25 04:13:42'),
(14, 3, 4, 'TEST', 'text', 0, '2026-04-25 04:13:44'),
(15, 3, 4, 'TEST', 'text', 0, '2026-04-25 04:13:52'),
(16, 3, 4, 'TEST', 'text', 0, '2026-04-25 04:14:02'),
(17, 3, 4, 'WTF', 'text', 0, '2026-04-25 04:16:38'),
(18, 3, 4, 'WTF', 'text', 0, '2026-04-25 04:16:41'),
(19, 3, 4, 'WTF', 'text', 0, '2026-04-25 04:16:54'),
(20, 3, 4, 'WTF', 'text', 0, '2026-04-25 04:16:55'),
(21, 3, 4, 'WTF', 'text', 0, '2026-04-25 04:16:55'),
(22, 3, 4, 'WTF', 'text', 0, '2026-04-25 04:17:17'),
(23, 3, 4, 'IMG_20260425_061900_69ec40b404a4b.jpg', 'image', 0, '2026-04-25 04:19:00'),
(24, 3, 1, 'IMG_20260425_062158_69ec41668044b.jpg', 'image', 1, '2026-04-25 04:21:58'),
(25, 3, 4, 'IMG_20260425_062203_69ec416b28886.jpg', 'image', 0, '2026-04-25 04:22:03'),
(26, 3, 4, 'IMG_20260425_062208_69ec4170d91d9.jpg', 'image', 0, '2026-04-25 04:22:08'),
(27, 3, 4, 'IMG_20260425_062314_69ec41b2665b7.jpg', 'image', 0, '2026-04-25 04:23:14'),
(28, 3, 4, 'IMG_20260425_062323_69ec41bb9704b.jpg', 'image', 0, '2026-04-25 04:23:23'),
(29, 3, 4, 'IMG_20260425_062327_69ec41bf9ad04.jpg', 'image', 0, '2026-04-25 04:23:27'),
(30, 1, 3, '123', 'text', 1, '2026-05-10 03:17:04'),
(31, 1, 3, 'aaaa', 'text', 1, '2026-05-10 03:21:37'),
(32, 1, 3, 'eee', 'text', 1, '2026-05-10 03:23:21'),
(33, 1, 4, '123', 'text', 0, '2026-05-10 03:23:26'),
(34, 1, 4, 'IMG_20260510_052331_69fffa334605e.jpg', 'image', 0, '2026-05-10 03:23:31'),
(35, 1, 6, '加我幹嘛', 'text', 0, '2026-06-14 07:22:29'),
(36, 6, 1, '測試', 'text', 1, '2026-06-14 07:22:53'),
(37, 6, 1, 'test', 'text', 1, '2026-06-14 07:23:08'),
(38, 3, 1, 'test', 'text', 1, '2026-06-19 07:21:45'),
(39, 3, 1, 'test', 'text', 1, '2026-06-19 07:21:46'),
(40, 1, 3, 'IMG_20260619_092507_6a34eed3b3eb2.jpg', 'image', 1, '2026-06-19 07:25:07'),
(41, 1, 4, 'IMG_20260619_092529_6a34eee922e1f.jpg', 'image', 0, '2026-06-19 07:25:29'),
(42, 1, 3, 'IMG_20260619_093350_6a34f0de5c7e0.gif', 'image', 1, '2026-06-19 07:33:50'),
(43, 1, 3, 'VID_20260619_094220_6a34f2dca6987.mp4', '', 1, '2026-06-19 07:42:20'),
(44, 1, 3, 'VID_20260619_094255_6a34f2ff9bcfa.mp4', '', 1, '2026-06-19 07:42:55'),
(45, 1, 3, 'IMG_20260619_094706_6a34f3fa450ba.jpg', 'image', 1, '2026-06-19 07:47:06');

-- --------------------------------------------------------

--
-- 資料表結構 `posts`
--

CREATE TABLE `posts` (
  `id` int(11) NOT NULL,
  `title` varchar(255) NOT NULL,
  `content` text NOT NULL,
  `user_id` int(11) NOT NULL,
  `category_id` int(11) NOT NULL,
  `created_at` datetime NOT NULL DEFAULT current_timestamp(),
  `post_img` varchar(255) DEFAULT NULL
) ENGINE=InnoDB DEFAULT CHARSET=utf8mb4 COLLATE=utf8mb4_general_ci;

--
-- 傾印資料表的資料 `posts`
--

INSERT INTO `posts` (`id`, `title`, `content`, `user_id`, `category_id`, `created_at`, `post_img`) VALUES
(1, '八方雲集吃12顆鍋貼太多了嗎？', '如題，今天去買八方雲集。我女朋友吃8顆，我吃12顆。她就很認真的念我說12顆太多了！我覺得好無辜，我今天可是想吃15顆但忍下來了，沒想到還是被念...', 1, 3, '2026-04-03 10:47:12', NULL),
(3, '#徵友 徵人打遊戲', '我是I人 之前也很忙沒時間打遊戲\r\n也徵人很多次了 但大家都不是活人 都在潛水…\r\n希望不管是I人還是E人都能踴躍一點加入\r\n我玩的是猛獸 迷媚 REPO  蓋瑞模組 致命公司\r\novercooked（幾代忘了）幻獸帕魯 高爾夫球\r\n還有想買的多人遊戲 可以一起討論～～\r\n遊玩時間 我目前都可以\r\n但之後可能都要晚上10.30以後\r\n歡迎私訊我 有加過我的潛水的先不用了 謝謝🥲', 3, 4, '2026-04-05 15:11:03', NULL),
(4, '有人可以教我怎麼關機嗎?', '我第一次使用電腦，現在我不知道要按什麼才關機', 1, 2, '2026-04-05 17:10:22', NULL),
(5, '這題法律怎麼寫???', '第一張投影片\r\n[img1]\r\n第二章投影片\r\n[img2]\r\n請各位大大教我!!!\r\n[img3]\r\n', 1, 2, '2026-04-19 14:06:08', NULL),
(6, '你各位要拿捏好分寸', '不要對他人有言語霸凌的舉動', 6, 7, '2026-05-10 10:32:11', NULL),
(7, '測試', '功能測試', 6, 7, '2026-05-10 10:42:10', NULL),
(8, '測試2', '123', 6, 7, '2026-05-10 10:45:07', NULL),
(9, '123', '3333', 6, 7, '2026-05-10 10:48:20', NULL),
(10, '無題', '測試', 6, 7, '2026-05-10 10:53:23', NULL),
(11, '找日文老師', '教我50因\r\n', 1, 6, '2026-05-23 14:29:58', NULL),
(12, '找日文老師', '教我50因\r\n\r\n[img1]\r\n\r\n\r\n[img2]\r\n', 1, 6, '2026-05-23 14:30:36', NULL),
(13, '好聽歌', '好聽\r\n[embed]https://www.youtube.com/watch?v=dpIVkoJVsk4[/embed]\r\n', 1, 1, '2026-05-23 14:31:51', NULL);
INSERT INTO `posts` (`id`, `title`, `content`, `user_id`, `category_id`, `created_at`, `post_img`) VALUES
(18, '完賣快', '如提<div><img src=\"data:image/jpeg;base64,/9j/2wCEAAYEBAQFBAYFBQYJBgUGCQsIBgYICwwKCgsKCgwQDAwMDAwMEAwODxAPDgwTExQUExMcGxsbHB8fHx8fHx8fHx8BBwcHDQwNGBAQGBoVERUaHx8fHx8fHx8fHx8fHx8fHx8fHx8fHx8fHx8fHx8fHx8fHx8fHx8fHx8fHx8fHx8fH//dAAQAUf/uAA5BZG9iZQBkwAAAAAH/wAARCAKIAogDABEAAREBAhEB/8QBogAAAgMBAQEBAAMAAAAAAAAABgcDBAUCCAEACQoLAQABBQEBAQADAAAAAAAAAAAHAgMEBQYBAAgJCgsQAAIBAwIDAwUGCAsNCl8AAAECAwAEEQUSBiExE0FRByJhcYEUIzJSkaEIQmKCorHB0hUWFyQzNENTVXKTGCZUVnN1g5KUwtHT4QkKRWNkhLKztPAZGiUnKCkqNTY3ODk6REZHSElKV1hZWmVmZ2hpanR2d3h5eoWGh4iJipWWl5iZmqOkpaanqKmqtba3uLm6w8TFxsfIycrU1dbX2Nna4uPk5ebn6Onq8fLz9PX29/j5+hEAAgECAwQDCgQGBAR3AAAAAAECAxEEITEFEkFRE2GRBiIyUnGBobHh8BQWwdEVI0JicvEzgpKiB0OywggJChcYGRokJSYnKCkqNDU2Nzg5OkRFRkdISUpTVFVWV1hZWmNkZWZnaGlqc3R1dnd4eXqDhIWGh4iJipOUlZaXmJmao6SlpqeoqaqztLW2t7i5usPExcbHyMnK0tPU1dbX2Nna4uPk5ebn6Onq8vP09fb3+Pn6/9oADAMAAAERAhEAPwCj283543ymil0MPFXYC/pp+M+0/dtN+eN8pr3Qw8Vdh7p5+M+0+9tN+eN8pr3Qw8Vdhzpp+M+0/dtN+eN8pr3Qw8Vdh7p5+M+0+9tN+eN8pr3Qw8Vdh7pp+M+0/dtN+eN8prnQw8Vdh7pp+M+0+9tN+eN8pr3Qw8Vdh7pp+M+0/dtN+eN8pr3Qw8Vdh7p5+M+0/dtN+eN8prnQw8Vdh7pp+M+0+9tN+eN8pr3Qw8Vdh7pp+M+0/dtN8dvlNe6GHirsPdNPxn2n3tpvjt8pr3Qw8Vdhzp5+M+0/dtN8dvlNc6GHirsPdNPxn2n7tpvjt8pr3Qw5LsPdNPxn2n3tpfjt8pr3Qw8Vdh7pp+M+0/dtN8dvlNe6GHJdh7p5+M+0+9tN8dvlNc6GHJdh7p5+M+0/dtN8dvlNe6GHJdh7p5+M+0/drN8dvlNe6GHJdh7p5+M+0+9rL8dvlNe6GHJdh7pp+M+0/dtL8dvlNc6GHJdh7pp+M+0/drN8dvlNe6GHJdh7p5+M+0+9rL8dvlNe6GHJdh7p5+M+0/drL8dvlNe6GHJdh7pp+M+0/drL8dvlNc6GHJdh7pp+M+0/drL8dvlNe6GHJdh7p5+M+0+9rL8dvlNe6GHJdh7p5+M+0/dtL8dvlNe6GHJdh7pp+M+0/drL8dvlNe6GHJdh7pp+M+0/drL8dvlNe6GHJdh7pp+M+0/drL8dvlNe6GHJdh7pp+M+0/drL8dvlNe6GHJdh7p5+M+0+9rL8dvlNc6GHJdh7p5+M+0/drL8dvlNe6GHJdh7pp+M+0/drL8dvlNe6GHJdh7p5+M+0/drL8dvlNe6GHJdh7p5+M+0/drL8dvlNe6GHJdh7p5+M+0/drL8dvlNe6GHJdh7p5+M+0/drL8dvlNe6GHJdh7p5+M+0M/JLaG84tDy+fHa20sxVuaknbEOR/amap9ubsKFkleUkvl+QutgOc8Rdt2jFv5PlGTxTHbq1vEkSLyZ2woHXAH2jWfwMFm2Xe1qrTjFPmzB7KL4i/IKn7i5FP0kubP3ZRfEX5BXtxcj3SS5s/dlF8RfkFe3FyPdJLmz92UfxF+QV7cXI90kubP3ZRfEX5BXtxcj3SS5s/dlF8RfkFe3FyPdJLmz92UXxF+QV7cXI90kubP3ZRfEX5BXtxcj3SS5s/dlF8RfkFe3FyPdJLmz92UXxF+QV7cXI90kubPnZRfEX5BXtxcj3SS5s/dlF8QfIK9uLke6SXNn7so/iD5BXdxcj3SS5s/dlH8QfIK9uLke6SXNn7so/iD5BXtxcj3SS5s+dlH8QfIK9uLkc6SXNn7so/iD5BXtxcj3SS5s/dlH8QfIK9uLke6SXNn7so/iD5BXtxcj3SS5s/dlH8QfIK9uLke6SXNn7so/iL8gr24uR7pJc2fuyj+IPkFe3FyPdJLmz52UfxB8gru4uR7pJc2VtRu7LT7OS7uFAjjHJQBlmPwVX0ml0qG/JRSETruKu2xZXmoXV3dSXMrEPIc7VJ2qO5R6AK0VPDU4RSSXYVE8TUk77z7SDtZfjt8ppfQw5LsE9PPxn2n7tZfjt8pr3Qw5LsPdNPxn2n7tZfjt8prvQw5LsPdNPxn2n7tZfjt8pr3Qw5LsPdNPxn2n7tZfjt8pr3Qw5LsPdNPxn2n7tZfjt8pr3Qw5LsPdPPxn2nztZfjt8pr3Qw5LsPdPPxn2n7tZfjt8pr3Qw8Vdh7p5+M+0/drN8dvlNe6GHJdh7p5+M+0/drN8dvlNe6GHJdh7p5+M+0/drL8dvlNe6GHJdh7pp+M+0/drL8dvlNe6GHJdh7pp+M+0/drL8dvlNe6GHJdh7pp+M+0/drL8dvlNd6GHJdh7pp+M+0+drL8dvlNe6GHJdh7p5+M+0//QzqK4Kj7Xjx+rhw+146fq8cPtcPH6vHj9Xjx9rh4+148fq8eP1eOH3FcOn6vHj7Xjh+rh4/V48fcV48fq8ePtePH6uHj9Xjx9rx4/Vw8fq8eP1ePH3FePH6vHj9Xjx+rx4/Vw8fcV48fsV48fsV48fq8eP1ePH6uHj9Xjx9rx4Z3kTtffdVuiOiwxA+ssx+0KzXdDPwI+V+o1Pc1Dw5eResKOJJN2plfztFX5fO+7Vfg1aA/tOV6tuSRlVLK8/V48fq8eP1ePH6vHD9Xjx+rx4/V48fq8eP1ePH6vHj9Xjx+rx4/V48fK6eP1ePH6vHj9Xjh+rx4+V48fq8eP1ePH4kAEkgAcyTyAA6k148LfifXTql5tiJ9xQEiAdNx6GQ+vu9FX+Dw3Rxu/CfvYqcRW33lojGxUwjn7FePH7FePHzFePH6vHj9Xjx+rx4/V48fsV48fsV08fsV48fMV48fsV48fsV48fsV48fsV48f/0c+isCo+148fq8ePteOH6uHj9Xjx9xXDx+rx4+148fq8ePuK4eP1ePH2vHD9XDx+rx4+4rx4/V48fa4eP1ePH7FePH2uHj9Xjx+rx4+4rx4/V48fq8eP2K4ePuK8eP1ePH6uHj9Xjx9rx4/V48fq8eP1ePH7FePH7FePH3FePH7FePDn8j1mYeFpbgjndXUjKfqEVYx9krVjtvVL17eLFfObbuep7uHv40n83zkmqS9rqNw/i5A9S+aPmFdoRtBLqIOLnvVZPrKuKeI5+xXjx+xXjx+xXjx+rx4/V48fq8cPleOn6vHj9Xjh+rx4/V48fq8eP1ePH6vHj9Xjx8rp4/V48fq8eP1eOH6vHj9ivHgS411wRo2k27e+OB7rYfSqeYj9bdT6PXVlgMPd7704fOQcXWt3q84F4q3K8/Yrp4/Yr1zx+xXjx+xXjx+xXjx+xXjx8xXjx+rx4/Yrp4/Yrx4/Yrx4/Yrx4/Yrx4/Yrx4/Yrx4/Yrx4//SoUVgVH6vHD7XDx+rx4+4rh4/V48fa8eP1ePH3FePH6uHj7XjgMcZcc23DL2sb2xupbkO2xXCbVXAychupNVW0dqRwzSa3nItdm7KlilJp7qiDX4tdt+hL/qw+8qs+MsfE9PsLT4sS8f0e0+/i2W36Ev+rD7yvfGWPien2HvixLx/R7SS28tFhJcxRzaa8MLuqyTdqG2KTgtt2DOKVDujg5JOFl5fYJn3NTUW1NN8re0ZClWUMpBUjII5gg1pLmYZ9rx4B+JvKla6HrM2me4WuWgC75RIEGWUNjG1ugNUeN23GhUcN3et1l9gthSr0lU3t2/V7TL/ABbbb9CX/Vh95UT4yR8T0+wl/FiXj+j2n78W22/Ql/1YfeV74yR8T0+w98WJeP6Pafvxbbb9CX/Vx95XvjJHxPT7D3xYl4/o9p+/Futv0If9XH3le+MkfE9PsPfFiXj+j2n78W62/Qh/1cfeV74xx8T0+w98WJeP6Pafvxbrb9CH/Vx95XvjHHxPT7D3xYl4/o9p9/Futv0If9XH3le+Ma8T0+w98WJeP6Pafvxb7b9CH/Vx95XvjHHxPT7D3xYl4/o9p+/Fvtv0If8AVx95XPjHHxPT7D3xYl467PaFHCnHNpxBpt9eC3NsbHnLEXDnbtLBs4XrtNWeC2lGvCUrW3Sqx+y5YecY33t4F/xb7b9CH/Vx95VZ8Y4+J6fYWvxYl4/o9p+/Fvtv0If9XH3le+McfE9PsPfFiXjrs9p9/Fvtv0If9XH3le+McfE9PsPfFiXj+j2n78W+1/Qh/wBXH3le+McfE9PsPfFiXjrs9p+/Fwtf0If9XH3le+McfE9PsPfFiXjrs9p+/Fwtv0If9XH3le+McfE9PsPfFiXj+j2n78XC2/Qh/wBXH3le+McfE9PsPfFiXjrs9p+/Fwtv0If9XH3le+McfE9PsPfFiXjrs9p+/Fwtv0If9XH3le+McfE9PsPfFiXjrs9p+/Fwtv0If9XH3le+McfE9PsPfFiXjrs9p+/Fwtf0If8AVx95XvjEvE9PsPfFiXjrs9oweGfowdM0TRLbTPwrTSmANukF4qhizFicdifjVQYzE9NVc7WuaLBYToKSp3vYpN9FnYsxY8Ny5Jyfx0vU/uKpCx65Fc9jt573oP361jYfsty/vWv8Krv0QXI99Bn43oP361jYfsty/vWv8Kr30QXI99Bn43oP361jYfsty/vWv8Kr30QXI99Bn43oP361jYfsty/vWv8ACq99EFyPfQZ+N6D9+tY2H7Lcv71r/Cq99EFyPfQZ+N6D5+tY2H7Lcv71r/Cq99EFyPfQZ+N6D9+tY2H7Lcv71r/Cq99EFyPfQZ+N6D9+tY2H7Lcv71r/AAqvfRBcj30Gfjeg/frWFh+y3L+9S/wqvfRBcj30Gfjeg/frWFh+y3L+9S/wqvfRBcj30Gfjeg/frWFh+y3L+9S/wqvfRBcj30Gfjeg/frWFh+y3L+9S/wAKr30QXI99Bn43oP361hYfsty/vUv8Kr30QXI99Bn43oP361hYfsty/vUv8Kr30QXI59Bn43oP361hYfsty/vUv8Kr30QXI99Bn43oP361hYfsty/vUv8ACq99EFyPfQZ+N6D9+tYWH7Lcv71L/Cq99EFyPfQZ+N6D5+tYWH7Lcv71L/Cq99EFyPfQZ+N6D9+tYWH7Lcv71L/Cq99EFyPfQZ+N6D7+tX6f38Nyn+Xa/wAKr30QXI99Bn43oILj6LBSCLbhvsz3NJc7/mEaClx2hDin2iZbGlwkuz2mRd/RM6tc5DWksSH6SCZYx8yZ+epMNrUY/gu/ll7BiWwar/BnZH2mW3lxt2JZtJkZicljOCST3klKlLuij4np9gx8WZfpJ6PafPxb7X9CH/Vx95XvjGvE9PsPfFiXjrs9p+/Fvtf0If8AVx95XvjHHxPT7D3xYl467PafPxb7b9CH/Vx95XvjHHxPT7D3xYl467Pafvxb7b9CH/Vx95XvjHHxPT7D3xYl467Pafvxb7b9CH/Vx95XvjHHxPT7D3xYl467Pafvxb7X9CH/AFcfeV74xx8T0+w98WJeP6Pafvxb7X9CH/Vx95XvjHHxPT7D3xYl4/o9of8AD+sQa1o9rqcK7EuVz2ZOSrAlWXPoYGr3C4hVqamuJnsXhnQqum+BoYqQRz9ivHj9ivHj9ivHj9ivHj5ivHj9ivHj9ivHj9ivHj//06NFYFJ+rh4/V48fa4ePtePH6vHj7ivHD9XDp9rxw/Vw8fq8eFnb6cvGvlt0/SHHaWFvcJFcDG4CC1zLcZHpIcVgdt4jpMRLlHvez2hC2Fh+jw8ecu+7fYeoH4b4TZ2b8AdMG4k4Fnb4GfrKpi7sfPws8J/oFpv7x2/3lePWPL/0R17pbeUI6Vplpb2dvpFtFbypbQxwhp5B20hbswu4jtAvPwpcRuWpteSriManoIsJmzd6biM56tCfyM+zG32DxrcbDxnS0tx+FD1cPmMHt7BdFW314M8/Px+cLH1bSo3ZJLyBHQkOrSoCCOoIJq1demsnJdpULD1GrqMuxgZ5CNKteKfKvqes39tHd2FnDc3RinRZI98zdjAGRwQcCTIz4UOcXW6SpKXNsJmCo9HTjDxYo9G/hY4T/QLTf3jt/vKikux1HwrwpJIqDQtNyxCj8Z2/fy+JXj1jxxxs8HEPlQ1OPTIIraC+1M2tlBAixxqnaCCPaiAKMgA8qcWg09T2L+FHhG3C2y6HprLbqsKsbO3JIjATJJTmTjNN3HbH78LHCf6Bab+8dv8AeV49YQP0Ui6NZXfDul6bY2lk3Yz3dz7mgihZu0kEce4xqpIAibGaXERMN/oe+E9C/Extb2/0u0u7nULu5m7W5t4pX7NCsKANIrHbmNuVck8zsVkMf8LHCf6Bab+8dv8AeUkVYEfK5p3C2leTLiK8i0fT4ZzbC3gljtYFdZJ5UjBVlQEHDHmK6tTktDy/wZra6dBrsDybFvNOmSP0zAeZ8zNVrs/EdGqib8KD7eBTbSw3SOm0vBqLs4/IOL6FzhzSLvReIdR1Gwtr0m4traH3VDHNt2o8j7e0DYzuXOKq5FvBDs/Czwn+gWm/vHb/AHlJF2K+paFwjaaXf3baHpgFtaXE2fcdvyMcLMPpPEV09Y8meRLT7bUfKpw7bXUCXNsbgyTQyqHjZYo3kIZWBBHm99Leg1HU9d/hY4T/AEC03947f7ymx2x+/Cxwn+gWm/vHb/eV49Y/fhY4T/QLTf3jt/vK8esfvwscJ/oFpv7x2/3lePWP34WOE/0C03947f7yvHrCh+id0nQ7HgjSWsNNtLOaXUyGktreKFyqwN5pZFUkZPSlREz0IPoXtF0a94W16fUNOtb2Rb6BI3uYI5mUdi5IUyK2B6q9I9BDl/Cxwn+gWm/vHb/eUkVY/fhY4T/QLTf3jt/vK8esfvwscJ/oFpv7x2/3lePWP34WOE/0C03947f7yvHrH78LHCf6Bab+8dv95Xj1jyZ5erG0svKrrcNpBHa2+bdo4IUWONQ1vGTtRAFHPwpyOg3LU9P6Fw7wtc8I6XM2iac0k2l2ztIbSAsWa2Ulidmck880gcSOeEuHeF5eGNNeTRNOeQxEO7WkBYlXYcyUyelePJGt+FjhP9AtN/eO3+8rh6x+/Cxwn+gWm/vHb/eV49Y/fhY4T/QLTf3jt/vK8esZfFfCHDNzwnrkEGi6fHPJp132UkdpArq4hZlZWVAQQR1FdTPNHmPyA+4X8qek2t7bQ3dveLcQNDcRpLGWaByp2uCMhgMUuWg3HU9YfhY4T/QLTf3jt/vKbHLH78LHCf6Bab+8dv8AeV49Y/fhY4T/AEC03947f7yvHrH78LHCf6Bab+8dv95Xj1j9+FjhP9AtN/eO3+8rx6wl/ooeGdIteHdB1TTrC2smju5rWb3LDHCGEsayJv7MLnBjbGaVETNF76Ge30HVeBtQt7/TLK7udP1AgSz20MsnZ3ESsoLOpbAaNsV6R6A2vwscJ/oFpv7x2/3lJFWK+ocI8K3Fhc266JpyvLE6Iy2kAYEjlghORrtz1jP0/SNLg0+2guuBrea5hiSOaZY9PCuyjBYBo93PHfXjlixaWXCdxqLafNwlaWFyIfdCia3spA6bgpC9nHyIznnXjpojhnhQEEaFpuRz/Kdv95XD1jyF5X9EThvyo6zb2kKw2wuReWUW0dmI5wJ0AXptG7bj0U4tBqSzPWelaXwbq2k2GrQaFphh1G2hukxZ2+Pfow5HwO4kikDpZ/Cxwn+gWm/vHb/eVw9Y/fhY4T/QLTf3jt/vK8esfhwxwmDn8AtN/eO3+8rx6xjaRw3wxb65q+myaLp7qTHe2u+0gOI5BsdRlOgcDlXT1iLj7gDh7WeCNb0+y0eygv3tXlspoLaGKQTwe+oA6KGG7Zt9teTONCJ8iurCXTL3S3bz7aQTRA/ElGCB6mX562Hc/XvCUOTv2mI7paFqkai+qVuwZOK0Jmj9ivHj9ivHj9ivHj5ivHj9ivHj9ivHj9ivHj9ivHj/1KNFUFJ9xXDx9rx4/V48fq8ePtcOH2vHj9XDx+xXjx9rx4qatqEenaXd38nwbaJ5cHvKjIHtPKmcRVVOnKb+pVx7D0XUqRgvqnYH/oZ+H9Su9Q1zipLs2s0Siyin7NJS0lye0m5OCB5qDn9VQyqSbd3qwpUoJKy0Q+ew4h/Rs/vLb/e0gdsfVh4gDAnWyQDzHuW35/Y149YRvlJ8hQitOIuNdV4oNxcKJr+aM2gUySyPhIwwkwMu4Xp7KUpCHETfB/Eb8P65Df4LwYMdzEvVo26j1ggMPVU/Z+LeHqqfDj5Cu2jg1iKThx1XlCzyX+S2fykXms3dxqP4Gx2hSR5uxM3aTXDsdg85MYCsah1KjlJyerJtKkoxUVolYe/k28lFxwHDqCafrxlm1Fou2l9yRjzId21MSGT6ZyeVNtjyjYLdFv8AUri71GO6uzdQWcvueNjHFGDIoyzDs1B9HOuHUTcQ6yuj8O6tq7dNPs57gfpkjOz7MiuHmeTvIVpTar5VdFMi9pHaSvfz558rZGlBP14WnHoNx1PYQYs2O8n7dNjphafea7qT3s0Gp+5bSK6khtY1ghk97Q4zuZSTzBrpw8x/RCald3flNvbe5ujdyabDBZ9qUSP4MYkYbUAHJpDS46DctT0z5P8ATjpXAfDunMu2SDT4DIPq5V7ZvnkpDHFobdx7oeCRbaYW9wwxFOVEmxvjbG5N6jXDoJ8d8E6xxfw3LoN1xCYbaaaKaRvckRz2RJC+Z2Z6nPWupiWrnm3yteS+DgC60u2TVfwTk1CGSd/eex7NUfYv0753HNLTuIkrDm+h30rVYPJqlzaaibNL++uJWiEEUmezCRBtzgn6U0mQqKyGX2HEP6Nn95bf72uCrA/5RZNes/J7xLcyayXRNPmUx+5oF3driLbuC5Gd/dXkceghfoZ7I3PlRhkAH41srubmQMe99mOZI/PKVLQRHU9WuHTG7HPphlb+Yk0gdOd9ePCf4y+iQt+GeKNT0D8LYvvwNna3N37taLtCvVtgifb8tKURDkY361pb/soD/Jg38Iru6c3z9+taW/7KA/yYN/CK9unt8CPKz5a4+P8AR9P01NEGlCxuHuTL7pNxv3oE27THHjHXNdSsccrjL+hZIXgnWmJxu1JB+624++pMhUNBydqviKSLINQv1s9OvL3b2nuS3muOyzt39jG0m3Pdu24zXjwjv1rS3/ZQH+TB/wCEUvdG98/frWlv+ygP8mDfwivbp7fP361pb/soD/Jg38Ir26e3xP8AlJ40TjPi664gSx/A4XKQobXtTNgwxLHneVTO7bnpXUhLdz1/wD2s/k+4bl809ppNt9OgP5AF6E+ikMdTyPvBz44ctl/O3mT5JWrzPIoeUfjz8JHDQ106d+Cae6Y7ZrftjBjtVZg+8K/TZjGK8kebsZfks8rcPlB/BPZpP4FNpghJX3QbjtBMXGeaR7duz5681Y5F3DzfXBR8KiZJIDzEyPER6JFKfdrx48X+S+6Ok+VLh6SQ4MGpwwv9dJ2R/mVOPQZWp7SYlWKnqDj5KbHhUeUHy/rwZxTc8Py8N+7vc6RSJee7Gh7RZo1kB2CJ8Y3Y60pREOVgn8mPlIh490S71SPT/wADDZ3ItXtu2M+cxhw+8rH1yRjHdXGrHYu4J8d/RDJwhxXf8PS8Ne7TYsgW792NF2qvGsitsET7eTeNdUTjlYMPJr5Q4OO+HpdZisfwOaC5a1ltO1M+CqK6tvKp8IP0x3Vxo6ncxvogNP8Ad/kq1RlXdJYzW12voCydkx/dZa9HU9LQW/0KmqiLW9f0pm/LVnHcxr9Vby7Sf3WY0qQmB6M30gcPqsCwBO0E4LdcV48JXiH6Jr8A9d1DRrjhIPNp1xLbO/u9l3GJyu7HYnG7GaVuiHMwLn6KGKXWbHUk4WEfuWOWKWL3cx7RZRj4XYjbtPPoa7unN8v/AK1pb/soD/Jg38Ir26e3xW+VfyiWnHuvW2sRaT+BU0VstrOnbm4EnZsxR8lI9uFbb7K6lYS3cNuB/okm4b4S03QLnh4ajJpyPEl57saHdGZGdF2CJ8bA23rXHEUpG4Pos7YkA8I4HeRqDEgegdjXt09vj2iuIpoYp4X3wzxpLE470kUOp+Q0gcO99ePC78rHHc/Al5onESaWNStZ/dFjdIZjAc7VdFyFf0kcu6upXEydgMj+i3t0dXHCAJUg4OoNjl+4KVuid8E/InDqOs8f8QXmjWXubRZrO8lvoGbesELt21vGH2ruYTRoByBKhj41Y7Mm414vrKra8FLDyT5ZDNxW9B0fsV48fsV48fsV48fMV48fsV48fsV48fsV48fsV48f/9WlRUBSfa8eP1ePH2uHj9Xjh9rh4/V48fa8eP1ePHUMck79nAjTOfpI1Ln5FBpMpKKu3Y7GLk7JXBDy2x6vovC1tb3lrJafgtLti7UBGeOHDuQud3JimfXWd23j6bpbkJJtvO3I0mwcBUVbpJxaUVlfm/djQ8jOgjQvJro9uy7bm+VtRueWDuuSCgPqiVKxr1NvFZBrvrgo/b68eFZ9EZqF/wDhHttHsIJbibVLtWnWGN5MQ2o389oOMyOnXwpURE9DzT+F3iD9DLv9Qk+9pY3Y9K+QO3s+HuAAL6G9hv8AUruW5njFnK2EjxFEM8visfbSJDkRjDiPSVO7bfErzC+4ZeZHQda4KuZvD+o2dhpixXi3YvZXee4EdrJKoaRi2N4IBIzXjwI+Xfi6wg8md9a2zXSXOpzQWi9tbPCpQN20g3McdIuldihMnkAv0LOlB9a13WWU/jW1jtYn7t9zJub7CE12RyB6IEhByDgjpSBw40+0tLYR21vGsMG/JVc4Bc5Y8/lrx48Ya7PJxT5Sbx8721fVWRCPizT7Ex9aRTnAZebPakgSNjEn5HFiNP0qDavzCmx453148ft9ePHmv6JC31fUuPoY7SzuLi3srCCIPHE7pvfdK2GAI/NOdLiNz1HT5KNPbTPJrw7aOhil9ymaWNhtZXmleQgg8wcMKS9RcdAr31w6APl4vTbeSnWNpw1w9tb+sPMrH5krsdRMtBT/AEMujWV/xJrM95AlxHbWACrIMgNLMgz8imlSEwPRtnYafYhxZ28duJCDIIxjcR0zSBwtxtudR4kCvHjxp5Q9M12/474gvE066dJtQuWR1hkIK9qwBB29CKcQy9Qf/C7xB+hl3+oSfe105Y/fhd4g/Qy7/UJPva8esV7vTdRs9nuy1mtu0zs7aNo92OuNwGcZrx49G/Q12uoHgO/kt9TuLJH1J8xQiMqxWCMbjvVjnnSJDkNBlWU+t3N9qFsdbvEWxlEQcCEl8qGyRs5da4KOdft9XXh7V2bXbx1FhdlkKw4YCB8qcJ0NePNHiGnBk/V48fq8eP1ePHsfya6Lodx5PeGbiSxheZ9PiLyFfOLKWXOfHlTbHVoafD2pWtlYmzu1uo5zdzCPFtI8ZEsnvZMo5AHPsrx0HvL5ZXF75L7+G3ieeeO6tJFijUuxw7KSAuTy3V6OpyWgB/Qw2uo2GrcQw3lpNbLPZwsjSxugJjmAwCwAzh6VITAfu+kDh9ivLSG4jM13awsrKTHNcwRPjOeaSOrfNXjlzxVrBGk+Ui8ZWUrY6vI6ujK6lY7ksCrKSpGB1Bpwa4nti4lDTyMPgsxYeonIpseFr5Q/IrovGuvnXLzVZ7CVbeOB4ooUkXbAD55ZnU/B68u6lJiXG4qpeOPxJr+fSuANb0/ibSdTihurm7ntu0MdwhkQxgErt83B9OaVa4i9tCrpc3DvlT4g1PWePOIbXhi/jito7UQQBIrgKGQ4XJwyhVz669oe11Hx5OPJ3acB6ffafaahNfw3syTsJ40iMbxqUO3az53AjPqpDdxaVjW4x086rwdr2mjm11p9yifpljLr9kgryOs8xfQ/ao1h5U9KTOEv1msn/c0TbfswtLloNx1PWm+mx0/b68ePLXl84V1RfKZqF3Z2c9xBqMcF3viid13vGFkGVBGd6GlxeQ1JZi6bh/XlUs2m3SqoyWMEgAH7rShNj8OHtfIBGmXZBGQRBJzB+trx6xxPomtQRNNPYXMUKc3keGRVAJxzJGBXj1ilXjx+rx49jeRnXvwY8mWiTMczWcb6fNzyc2zbUz+4mSm3qOxeQab64KAjy1aGNb8mesRKoaewVNRtzjJzbH3wD1xM9dWomSyPH0cbyOscal5HIVEUZJJ5AADqTTg02e0/JVw7ofk18nsdvqCGTVb8dvq5QDc8zrhbdGPURIdvhnc3fVxhcBUbSWTM5jdp0s27tAvitlcxR+xXrnj9ivXPH7FeueP2K9c8fsV654/Yr1zx+xXrnj9ivXPH/9anRUBSfcVw4fq8ePtcPH44AyTgV48TWtpd3bhLSCW5c8gIkZ/5iDSJ1Iwzk0vKLhTlLwU2ENh5N+L7sAtaLZofprp1Q/uo3NUCptfDx0e95ETqeyq8uG75QisfJAgw2o6oT4x2sePZvk/gVX1Nuv6iHa/mJ1PYi+rl2BDY+T3hCzwfcPupx9NdO0n2Pmr81V9TamIn9VbyZE+ns2hH6m/lzN+2gt7VNlrDHboOW2FFj/mIFQZScs5O/lJkYqOSVvIeUfL3dS8beXHS+EbZi8Fl2Fi+DyEk5E1w+fqY2UH9LUKvLMtcJDvfKPgmJMJCNsMYCRL4Ig2qPYoqKTz5vrx4/b68eO47iWPPZuyZ67SRn5K8eO/d13+fyfuzfwa8eI2nkYlmcknqSSTXjx+7VvjH5a8eP3at8Y/LXjwhvopNbZjw/oivkKs19MngXYRR/NG1LiNzCf6HHS/cXk7e9Pw9UvpZPTsgURL9lvrkjsNBob6SLM/iXVhpXDWsamf60rG4mB+qEZCfZEV1HGeVvIjpvu/yo6ErLvjtpmu5fVbo0uf3ZRS3oNx1PXW+mx0+b68eBHibyu8B8Mas+ka1dXUd/GiSOlvbdsgWVQ6+f2ic9p5jFdSEuVgp0fXotR0q01LTppRYX0Qntd4MTmN+hZATtJ9dcOpkzSFmLEkseZJ6mvHT5vrx4VP0St80Xk/s7YH8t6igI9EMUjfbYUqIiehhfQtWpS24lve5zaW4Pq7Rz9oV2RyA899IHD9vrx4lF7dAACZwByADH+DXjx9933f5/J+7N/Brx4/e7rv8/k/dm/g148IL6Ku7mlk4XjkkZwIrxwGJOMvGO/8AS0uI3MJ/ocF2eTdm/PNRuD8kcQrktRUNA60Zv6KeuN43ePkRa4dJ+In/AF29Z/bfefznevHmeG6cGT9Xjx+rx4/V48ex/JLP2nkw4aPxbRk/dZpBTb1HY6Bd2rfGPy1wUfkmdGDIxVh0IOD81ePHUlzNIAJJGcDmAxJ+3XjxHvrx4S/lg8jvFXF3GB1nRfcgtntYIZO3nWJzLEpQ+aR02gc6UmIlG4ieKOG9S4a1670PU9nu6yZVm7Jg6ZZQ42sOowwpaENWPY2mcVaZPo+n3TJe+/Wls7OLRyuXiTJ3Bum49absO3NyEjt0V/glgreGCcGuHTxppXAOscRcbajw3pHYreW0l0QLiQRJttnIYBjnngdKcuM2zO+OPJdxTwVb2dzrIt+yvnkSBraYS4aIKWDYAx8MYryZ5xseudF1JdQ0PTNQU5W7s7efPiXiUn56QOovQshlVX+Ax2v+lPI/NXDp4utHfhjyixsCYzo+qgHuwsFxg/MtODOjPaMzKJX2HzMnafRnlTY8cb68eJI7qeNdscjIvXCsQM+yvHjm5uLi4tpoHmcpKjIwLHmCPXXjxQ4a1S9k0K0V55O0gDW8nnN8KFinj4AV44j9xTaT65wtrGjSSuw1CzmhUFifP2Fo+R/kxVrqPM8NEEEgjBHIg04MnyvHj0D9C7rmbXXtBdh5hi1CAHr+cy4+WOkSHIDy30kWfisMqtDOMwTK0UynnmOQFXH7qTXjx5d8mWkaPoHlim0/Xo3kk0iS5FjHgefdW596Y5+pBdT44NWWzqfSVUim2vUdOhJrz+QdWp6ndaldGe4PTlFEPgovgPunvrb0aUaasge1arm7sp4p0bP2K8eP2K8eP2K8eP2K8eP2K8eP2K8eP2K8eP2K8eP/16ZKr1IHropgoLlhpOq6g4Swsp7on86jYj92+D89M1a9On4clHzjtOhOp4MWwjsfJdxZc4M6Q2KHqZ5AWH1ibjVfU2zQjpeXkXzk+nsitLW0fK/mCKw8kOnIAdQ1GWdvpo7dREn7s25qr6u3ZvwIpeXMnU9iwXhSb8mQQ6fwPwlYENDpscsg6S3BMzfZ+b81QKu0a89ZPzZE6ngKENIrz5m7HiNNkQESfEjARfkXAqE89SYstD5Xjh+rx4/V48Qahf22n6fc3902y1tInnnf4scSl2PsArjZ1K7seRPIkNU4i8o2vcayW8NxNF20+25Z1RZ792A2snPKR78Cq6buXlONlbkPSHVb99Q9wz2lpGwj7WRoZJ2ZVOQuN3m5JHfSB0voWdgq82YgAek1w6JbXvoj7vT+I77SNN0C0v4LW6e1t7iWW4WSXY+wMQjqvnEcsCl7o25DnVpQidsqpPtUzRqSVWQqN6qTzIVsgZpA4YXHfFq8J8KXuvGBbqS2MSQW0jFUkklcKFYqQ2Au5uXhXUjjdgT8l/lh1XjnWrmwk0S1sLW0t2uJrqCSd3B3KiIBIzL5zNXWrCYyuMrfSRZ+3148eVfL1q51HymakgOY9OWKxQj+SUG//PjNTkdBqWp6O4F0w6RwToOmsu2SCxiaUD88mHbP9lJSGOLQ3N9cOgH5c9VNj5MNUCttkvpLezX0h5O0f7GI0paiZaCw+hl0/tOK9U1I9LKwMa5+NcSKn8xVq7ITA9FdqviKQOH4SAnAIrx48i+WLUFv/KbxBMjbkS6MCeqBRFy/dKcWgzLU9XaNax6fommWC4C2lnbw48CkSg/PSB0udqviK4dPwkB6GvHhJfRQX2LHhyx+PJdXB9gjQfdpUREzV+hqgMXBGpTkY906jhT6IoVH23r0j0NBs76SLOJZhHBNMekMckp/caFvuV48If8AWptV/ZY0/wDVrr+GUvdG98+frU2q/ssaf+rXX8Mr26e3z7+tTar+yxp/6tdfwyvbp7fAPym+U+748uNOmuNNg078D45IkS3eVw/aPuJbtWbpjurqVhLdx4/Q/YTyY2xzjfe3R+TYPuUmWo5HQMdFb8d6w3jev8wFcOknEj/rs6z+2+7/AJoevHmedfIx5I9K4+tdVmvr6ezNg8KRiAIQ3ahyc7gemyp+Gw6qXuyox2MlRasr3GR+spcL/o3ffukX3tSfgEebIP0Xn4qP36ylwv8Ao3ffukX3te+AR5s99F5+KhQ+WHyd2PAnENpplldS3cNzaLcmSYKGDGR0KjbgYwgqHiKKpysizwWJdaLbVsx9+RSff5LdDOfgC4T91uJP4NQ3qWMdA231wUZ3EmsyaNw5qmsRQrcyabbSXS28hZUk7PmVYqQwGPCuo4xceT3y73vF3FVtoNxolpYJcpKwuYZZ2cGKNpAAJGZfO24rrQlSuNjfSRZ+3148eXvoh7UQ+Uu5kAx7qtbWY+k9kEP8wpyOg1PUf3kzvjceTrhqUMSRYRxk574i0X75SGOLQI9+OlcOmVa8L8LWmqvrFrpNtb6tI0jyX8akSs0ue0YnOMvuOeVducsS6vomg63DFb6zYQajDCxkhiuAWCORgsuCOZArx6xbtLe1s7WGztIlt7S3QR28CckRB0VQc8hXDpLvrx48m+W/TzZeU/W/N2pdSJdx+kTxrIfsiacWg1LU9K8M65rWqcM6PqKWNiy3dlbyBmmuAxIjCsWA5Z3Kc0hjiNLTNSa+tWneJYJVlkhkijLMqtGcci3ncxz5148ZfHfFN5wvwpea9aWUWoSWbRdpazM6p2cjhGfMZVsqWHfXkjzdhRj6KfVQQfwsaf8Aq11/DKVuiN8p6b9ErqtiLlRw9YypcTtOqtLcjZvAyow4yOWede3T2+XY/oqdWR1ccMaflSCPfrru5/nle3T2+JbVb1L7U7u9SBbZLqaSZbdCSsYkYtsUtkkLnAzShBVrx4P/ACGa4NJ8pWl72CQahvsJiemLhdqf58C1yWgqLzPVvaDxpsdP3ar4ivHjzv5cbZuH/Klp3EsC4iv0gu3IPwpID2Mw+uVAfbUnC1ejmpcmQ8ZQVWnKHjIZsbJJGsiEMjgMrDoQRkGiGndXBa007M+4rxw/Yrx4/Yrx4/Yrx4/Yrx4/Yrx4/Yrx4/Yrx4/Yrx4//9A/8lVtpNzZ3hms4Jr23lUiaRFdwki+aBuzyyjVsNtzqRlG0motaX5fbMRseMJRd0nJMYm4hdg5IOijkPkHKs/YvLnyunD9Xjx+rx4/V48fmIUZYhR4k4+3XlmeeWpXk1Kyj6yhj4IC1OKjJ8BmWJpriVZNbX8yhJ9LnHzCnVhubGJY1cEKv6InjW70zya3tsjrHLq7pYIqjnsfLy+nBjRlPrprFQjCHWyRs+pOrVz0WYO+QbQjpXk9tp3XbcazO94+fztT2UPzKze2qeRporIKNN1GyFzfX07TZupSsHZQPMOxh8xclenQ1w6fdf4t0vSdB1LVFe5Elnayyxb7WRF7UKRECxOBmQrXrHmzzL5ItGGueUfSI7hlMMMxvbp5XVAVtwZTlnKjzmUD20tjUdT1m00bMWNzbEk5J90wdT9fSB0TP0S+trHo2i6LFKjm6mkvJuylSQbYl7KMNsZvpnfrSoiZssfQ2aR7m4Z1XV3XEl/cpbxN4x2y7m+zl+auSPQG7vpIs+rPHFmaX8iiBkk/SINzfMK8ePHFlHNxVx3ErAvJrOpAuO/FxNlvkDU4M6s9lOVaVljwEHJASFAUcgMkgdKbHiPfXjwmvomdUCaNoWlg+dPPPdsPREqxr87tSoiJnX0OGl3KcMavqMV5cWTXV4kAMBVQ6wR7ueQehlr0j0ENrsdT/Rq//d0+9rgqx1EmopIrtrd+FTz2O9Oi8z9J4CvHrHi3U9QlutYu9R7RmlnuJLjtW+EWdy+4+nJpwZGl5NPKb5TuI+OtK0q+4mv5LO4lZrpQ68440aRhzXHPbiktCk3cf3Y6n+jV9+7p97SRyxDp13eSXd9DPeXF1HauIk7dlYbsAlgAq4PPFePCK+iYve04m0ezz+VrDeR6ZpnP2lpUREw+8hl3p9l5NLBJjcLLNcXUzCO2kkXBcIMOpwfyOuPU7HQYUF7a3Ks1u0jKpw3axNCc9eQYnNcFFPiK5aDhvWJlBZo7C6KhQSSewYAADmTXjzPGn4Eat+wU/wCpP/ApwZPv4Eat+wU/6k/8CvHj4NK1QkgWc5K8iOzfl81ePEM9rc27BbiJ4WIyFkUqSPHBxXjx6c8hsN9+JlpzRand2yNcXTCGFlCA9pjIBU9cUh6jkVkHllaLa9se2knkuJDNNLKQXZ26kkY61wUV+JWY8M6yFyWOn3QUDmSTA/IAV5HmebfJx5R+MeA7e+h0vSEuVv2jeQ3MM5IMYYDbsZPjVLo4h072K7FYKNZq7eQY/rSvlL/Zfs/1C6/htPfD5ckRfoRT5y9/Mfv1pXyl/sv2f6hdfw2vfD5cke+hFPnL38wuvKVx3r3GerWuoazYxWNxb2/YRpCkiBkDs+SJGY9WNR61Z1HdkzDYZUU0h9eQqXPku0wfEnu1/wA+7v36o8tSdHQO5bmGGMyzFhEvwiiGRufLko5muCjF4n1DS7vhfWrUNdEz6fdIubOUDJhbGTnkM99eOM81eRm7jtfKboMspYR9s6P2aGRsSROnJBzPwqW9BqOp6pi1XT5plgheftnBZVlt5IlIXm3ntyz6KQOljfXDp55+iXtdvFWk3n7EaeEJ9MU0g+01LiNzGV5C7zt/Jhpik5a3muoT6AJd4+aSuS1FR0DzfSRRT1p70aJqTWEzW98lpO9pcRnDxypEzIy+kEV04xCeTHys+UDVePdF0zWdeub3TbyfsJ7ad17Nt6MqZzjo5BpTQ3Fu56L2P4p+qx/fUgcPmx/FP1WP76vHjzv9ExpjQ8VaVqJK4vbAIdrK3nW8jLz2k/SstLiImMvyHaobzyZ6YGbdJYy3FofQFk7RfsZa5LUVHQKNKzDf6pb4ITtUnjOOREi4bB9a1w6c8V6d+C3CutaYPhXdjOifpwhdPs1FeR5ni2nBk/V48fq8eDfyieTm54P0vhqa5DC61W0ea9VvpJ1cMYwO7ZHIgPpzT9ajuJdZDwuKVWUraRYEUwTCazu57O8gu7dzHPbyJLC46q6MGUj1EV48e0bK6vdSsbXUodcvmhvoY7lDvTpMgf4vdnFNjxN2Op/o1ffu6fe149YWX0QWgXV5wTDqkl7cXkmkXKnE5VtsNyOzcrtA+nVK7FiZLI48meq/gnwZp8jHMtsptZfXD5q/Km01udmVt+hHmsuwG+2aHR4mS4PPt9oUYqwKs/Yrx4/Yrx4/Yrx4/Yrx4+4rx4/Yrx4/Yrx4/Yrx4//RJvJffG34kNuT5t5C8e3uLJ74D7ArVu9s0t6jfxX7Ae7IqbtW3jL2jdrKmnOXdEGXYIPqiBXUm9BMmlrkVZNVsU6OZD9QM/Pyp1UJsYliqa43K0mtn8yhx6XP3BTiw3NjEsdyXaVpNTvn/NNg8EAFOqjBcBiWKqPjYrMWc5clj4sSft06lbQYbb1PlePH2vHjzb9EhqdxrfHGicJWZ3PAq5UfsReuFUEehFU+2qnaE7yS5Gi2PStBy5v1Dg9yjTtIXT9OUEWVstraKDge9oI1OT6t1VhenFk95ZWkNpFYRypCoXtTcMhY95KhSBmvHhd+X7iS5t+CYtLktUt5NWuVGUnaRjFbee/mlV5b2SuxEyeR5xpY2fq8eP1ePHrzyb6V+A/AOh2JUpIbYXM6nr2lyTMc+xwKbY8tAk3146DflK1j8CuANeuwxSRrU20LDrvuSIRj2Oa8jj0EP5BdM92eUaznb4GnQzXh8NypsT7OQUuWg3HU9E6wEuLjTrN1DpJOZpEIyCIVyMg/VNSBw0y/OvHTzn9EXqZueNrayDZj0+xiTHg8xaZvmcUqI1PUbHkasGsPJro6Eefddtdnuz2spC/YoK49RcdAwgvLW5j7S2l7WPJUttZRuU4IG4DOPEVw6Z3FepHT+FNbvh1trC4Zf0xjKL9kwryPM8aU4MjQ+h2tO149kuSuVtLG4fPgz7Yh/M6TIVDU9IK2WA8aSOmbob7oruf8/upXz6A20farxxHnn6IC8Fx5R7hAfyra20PqPZBz870uOg3PUefkshFr5POG4hy3WolP7lkd/wB+pDHI6Glw85Ondoesssr/ACua8eRpiQggg4I6GuHTv3XP+eN8prx4qHXL33ZPaQ23bm3CF5WuHjz2g3ABQrdK6cuc6c19HPezze9NdzdqI1kLhRtAxuOCelePCA+iRuHl44s0di3Z6bCBk5+FJK33aVERPUaXkUHZ+TDRx8ZrlvluHrj1FR0DffXBR8MoQF2O1V84sATgDvwOdePHUd+0qLJDM7xOMo53ISP0rYI9tcPHXuqf88b5TXjx+91z/njfKa6eEJ9E0XfWdAkZixNlIoJOek7fwaVEbmGvkEmz5NYFz+R3t0Pl7M/drktRUdA51Xz9Lu18YX+1XDp8iY3Gh9mTntrFk/drcr92vHjyb5Obr3Jx9w/PnGy/twT+mkC/dpbGlqevnchmUnocEeqmx453108JT6Ji3LRcO3fcvuqAn2xuPtmlRG5mz9DneNJwTqFuT+VtQJUeAlhU/bQ1yR2Gg0jIqgsxwo5sQCcAegczXBZ+tJra8VGhftba4BVZMFdyt5p81sEe2vHjx1p+3SOMbcSAbbDUEEitzBEUwDA+wU4M8T15No2iiZwtlBt3Hb5g6Z5U2OnH4D6N+wMH7oK8eFR9ETodjHw5pGoWtukTQ3ckEpjUDzZowy5x6YjXYiZo6+hr1MPouuaYT50FxDdKPqZUaNvnjWvSPQHFvOMZ5CuCzqKULKrMMqCNw8R31w8eNeMNKbSeKtX00rtFpdzRqPqQ52/Y4p1DLMevHBl+QTgYcT8bRXN1Hv0vRtt3dZGVaQH3iI/pnG4g9VUipWEpb8+pFftHEdHTstZZfON/6JzRPdnAUGpIuZNLu43ZvCKcGJvsylTcdG8L8ir2TUtVtzR5VqoNIfq8ePUvkR1z8E/J1Yxu+6bTJJbKT0Kp7SL7CTHspD1HYvIOt9cFFHiDSk1rQNS0d+moW0kC+hyuYz7JAteOMRXkM1J4rnVdDnyrjFykZ5EMh7OX280rS7CrZyh5/f0GP7pqGUKn3V+tfKN3bWjuZE/ba9c8ftteueP22vXPH7FePH7FePH7FePH7FePH7bXjx//0vunX0+n39vfW+O2tpFljDdCVOcH0HoaJtamqkHF6MFlKo4SUlqhqabxM+sWYuIZio6TQDClH67Tj5j31mauDVKVmi8jjJVFe5KeZyeZ8Tzrgg/V46fa4eP1ePH6vHj7Xjx+rx08mXuvtonl2vta4ssZjLBdyvDbRuqkZTZaNvYMCipsOaz+Ju5u5sMDuqlHd0sMw+WPRgcHRLzl/KiH7yo9ibvH78WTRf0FvP3oh+8r1j28Kfy08UPxJqWnXkFrJa6dbQGCOKV1kbtS5eRiVCjzhtx6qUkIk7i3rok/V48S2xgFxEbhWa3DqZlQ4YpnzgpPfivHj00vln4ekRHg0S89zsq9j+OYfyPGFHwO4Uiw7vH38WTRf0FvP3oh+8r1j28Bnlb8oMXEPCH4H6fp89oq3Mc9280qSBo0VgoARQfhuCa6kJkwc8inGOk8NX+qvd2U15dXkCR2/YyJHtRH3yZ3hsk+b8ldaORdhjT+WDShrltO+jXXucwPFGPdEW7tS2489uOmKTYVvGh+LJov6C3n70Q/eV6x3eEN5StVfV+NtU1MwtBHdyCSCF2DssWwKgLDAOFXupSG3qOjh7yt8P2vDmmWdpo92Y7azigif3RCBujj2Ekbfjgmk2FqR1oXlg0iPSoIX0a7MsWUlK3EQG4HnyK5r1jykZvlB8p1nq/BWq6ZY6Xc209zGgM0s0bqI1kV5PNVQTlVrqR5yyEBShsZXkT4w03hrUNWe7sprya7t40hEMiR7VSTc+d4bOfN6VxoVF2Guvlk0UMMaLeZ7vxxD95SbC94zdA8r+kxaYkMujXTTRu4kKXEQGdxPQrmvWOKQl/KVqy6vxxquppC9vFdyLJFDIwdlTs1VQWUAHkKUhD1HRw35WtDtOG9Ks4tGu2FtZQwK4uIQC0cYUnG3kNwpNhakfdB8sGkR6TBFJo100ke5XKXEQGQfArmvWPKRofiyaL+gt5+9EP3lesd3j9+LJov6C3n70Q/eV6x7eM+z8sGlJrGos+jXRSQRNGBcRbgAoHnHbivWObxofiyaL+gt5+9EP3lesd3hMeWPiO34h4uTULe2ktIhaQxCKV1kbKbsncoA5k0pIRJjF8nXlO0fSOCNK02XSrqeW2WQPNHNEiMWlduSspI61xoUpZBF+LJof6C3v70Q/e1yx3eOZvLJovYybdFvd21sZuIcZx+lr1j28RWHlk0f3FD2mi3hk2+cVuIQM57srmvWPbxY/Fk0P8AQW9/eiH72vWPbx8/Fk0P9Bb396Ifva9Y9vCs8t3GFjxLd6O9rZTWfuWCVHE8iSFt8m4EbAMYpSQiTub3kh8oVhw/wg1hdadcXbm7llSWGaONdrIg24ZSc5WuNHYsLr7yyaN7huMaLdg9mwBNxCRzHfha5Y7vHzSvLDo8OnWiTaLdsyQqJCtxCAcLzxlfCvWPbx560e6WHiOyu4kZlivIpUjBAYhZQwGemaWIPR8vlm0RpXYaJeAMxIHuiHvP6SkWHN45/Fk0X9Bbz96IfvK9Y9vC+8tPHul8R6Fptpb6fPaTwXTzCSaWORShjCsAFVTnOK6kJkyDyKcbW/Ddhq8d1YzXkV1LC0XYyJHteNXDZ3hs5DCvNHouwx28suiKrMdFvMAE/liHw/SVywreKXD/AJX9Mi02BZNGui+92QpcRAbWcleq+mvWOKQhOK7201LirVL2wheG3vLuWWCFyGdRI5bBK4B5nupaEM9Dw+WLSUghSXRrtpo4o0lYXEOC6oFYjKdCwpFhzeOvxZNF/QW8/eiH7yvWPbwIeVfyk6LrnBc2mLpdzbXEtxDJbzSTRuoaMktlVUH4BIrqQmTyBTyK8UjhzV9Rup7WS7sp7YQyRxOsbdp2ivGcsCOW1q60ci7Da/Fk0X9Bbz96IfvKTYXvH78WPRf0EvP3oh+8r1j28JzipY+PvKoYdBtpLeXVpoYWSZhJtlVFSaQsgHmLsLnl0zTtODk0kR69VQi5PRB9+sn6n+zFB+8z/wAMqd9D3zKj6MrxfSN7yX+Ty14F4bGlpKLq8mlae9vAuztHPJQASxCqgAxnrk99TaFFU42KvF4l1p72iL/lA0T8HOCdb0sLukubSUQjr76i74vs1FLrR3oNCMNU3KkZdZ4XrPmxP1ePDY8inGY4astVW9s5ryxvXiaBYZEjKzRbgzeeDkFWxSWhcXYZP4smh/oLe/vRD95XLCt4/L5ZdEVgw0a9BXnn3RByxzz8GvWPbwp+F9Rj1LyxS6lw5aSx6ddXE8z28rBjHBKD2hZlAGA7ZX2CrPZW908d3z+QpNubjw0t525eUeeK2QPT9tr1zx+2148fsV48fttePH3bXrnj9tr1zx+21654/ba9c8f/04cUUAUFzSdUutMvFubfn9LJEfguvxT9w91M16MakbMcpVHB3QytO1G11G0W6tmyjcmU/CRu9WHiKz9WlKEt2RbwqKSui0KaFn2vHj9Xjx9rx4/V48fq8dFZ5ePJd+GvRPwX0yLdxBpiEoqjzri3GWaHxLLzZPTkfTVDxdDfV14SLLZ2L6OW7LwX6Dz9wzq/uuD3JOfxzAPMJ6vGPur9qqU06Zt146VL9bW4gls51kKuoyyRs+D9KwKg8wa8eAe9sWtEVZQyzMz8mBXzFwFbBAPnHNdEn7TNJ1TVbxbLTLSa9u3BKW9ujSSEKMkhVBPIV2MW3ZCZzUVduyNv8TPyifss6n+8k33tOdBPkxn4XS8aPaT8L3s0bS6Rdq0VxAzdnHICrKVPvkZB5gqeePXTTRJi7hDXDpDPLBhoZkd0kUhwqM4KtyIyoNePAM4n0nVQybswvujLqVLJ3ZBA+EK6JDpGtLqKKUoJoHxKikkermpBBFcFEB1nSMn8eRfKf4FePXMPiqXTbuCKe3uY5J4jsZFJyUbn4dx+3XjjJOEdSj7F7CVwrht1uD37vhKPkzXmeRpNe2dlqUsc06RpOolwx6N0Of01eOkx1jRWBV7yIowKsMnmDyPdXjwBXMaRXEkcbiSNWISReYYA8jXRJa0S9FnqcEzHEe7bKfqW5H7ea8eQdQ3NtOheCVZUB2lkORkd1cFET3+j20jxtNFBOWzPlmyzHvIOQPZXjwMcVy2U9zBPbTpMWTZJsOcFTyz7DXUcZp8OavYx6VHFcXCRSQsyhXJBKk7gR8tcPIs2eq6XFLcxm7jEfaF42ycENz5cq8dNGGeCaMSQyLJGcgOp5HHWvHjvI8a8eKsmoaNDM/aTRJdjzZHLNuAH0pHwa8ePn4MaR+xkXyn+BXjwP8ZoBd2z/GiIP1rH+DXkcZq8NSxroUbOwVI2k3MegAOcn5a8dRb/AAZ0j9jYvlP8CvHj8dY0YjDXkRU8iMnmPDkK8eOoNR0mR1gtZ4ufKOFGY4A54Bbn8prx4/S6ppkMjRy3UaSLyZCTkH5K8eOfwZ0f9jYvlP8AArx4GeK7y2ubyE28qyokWCy9MlicV04zV4e1HTbfSIo5rqOOXc7MjE5GTy7vAVw8jQbVtCdSk1zDLEww0ZZgCPWuDXjpFd6zpSWU/Y3UbOImEUak5ztwAOVePAtw4inV4HcgRw7pXY9AEUnJrpxBf+DOj/sbF8p/gVw6fvwZ0f8AY2L5T/Arx4GeK7+C6vIVt5Fliij+GvTcxyfuV1HGbmgrDZaHDJM6xq+ZXduQG84XPsArh1HWoaxpptHSK7jZ5MJyJ5AnmelePH261rS7ewl9z3UbyRxlYUUnJbG0d3trx64M8M2nunV4iwykOZWz9T8Efu2K6cQXPq+lKxV7yIMpIYEnkR17q4dPn4M6R+xsXyn+BXjwMcU6lFd3ccUDiSCBeTr0LNzY/aFdOM19ButJstMjje7iWaT3yYZOQT0B5dwrh1G0kkbqrowZGG5WHQg88148Z19r+nQWkskFzHLOBiJFJJ3HkD07utePXGV9C/wSxN7xjeJkndZ6aWHPPIzyjPsQH9MKs8DS+qZQ7WxGlNeVnoWrEpD5XTxT1PU7fT4O0k86RvyKIdWP3AO805SpObshqtWUFdnhrjDTTpvFOqWW0IsVzJ2ajkAjNuTH1pFZ7FUujqSjyZssFW6WjGfNfbKljYG8XZGGMqyLvKgttjbILbVBPI0wSg5tDbRxx2tukiRxLhN8bIMDvJYDmTXBRYrx4wOKNVaKMadbkmecDttvMhD0X1t9r115I43Yb3kw4IHDeiCS5QfgtfBZLsnrGuMrCP0v03p9QrY7NwfQwu/Dlr8wPtsbQ+EVLR8COnX1+/AM9tWJTn7bXjp+2148ftteOH7bXjx+2148fdteOn7bXjx+2148f//UixRPBQfcVw8X9G1i60q7E8PnRtgTwk8nX7hHcaYr0FUjZ68B2lVcHdDJsb22vbWO6tm3xSDl4g96sO4jvqgqQcJWepbwmpK6J6QKPtePH6vHj9Xjp9rh4/V48eZvL/5NpeHtYXjPQ4+z0+7lBvo0HKC6Y/Dx8Sb5N3L6YCqnGYfde8tGaLZmM3luS8JaeQDbTX9LuLaOWS4jgkYefExwVYdfZ4VALi5YTXdOjBEeoogPUK7Ln5K8euYvFEmm6hALlL2OS8hGObks6fF59691eOMZX0Kug9trusa46+bZ26WsJPx7ht7EekLFj21Y4CGbZTbYqWio8z0rVmUB5n+iN4Ek0XXrfjTS02W1/IFvgo5R3ajIfl3SqOf1QOfhVV42jZ7y4mg2Vid6O49Vp5AMt9d0qaCOVrmOJnUFomOCp7xVeXNyZNd06PPZ6giZ67XK5+SvHrmHxXNp99AlzHeJNdQ+YRuLM0ZPTn8U15HGZ+l6wbexmt3bBVWMGfFhgr8vOunrnqnyQ6N5Gbfya6AutQ6DdarLbme8mvI4JJ980jPtdnUtlAQuO7FZHH1q7rS3W0r8ydSw7cU7PsDex0DyIahcra2Gk8O3d0wLLBDbW7uVUZYgBeg76gzr4mKu5St9kOfB+at5hT/RMcKcMWOnaNDw7pFlpeopJ7oD2dvHC0m+VIEjYoBkbmyM+FWOx8ZUdTvpNx635xNTDro5S4po0PJp5E4+FNS1XWfKgmiXdrcRRW1iJSJ4Ul35bImjUKxCgDHppWN2r0yUaO8nx4fKNUsO+Vw/Ok/Q/AEmw4YAHMnsbb72q/psV40vvQ/8H+tfYKL6IPyIyytPxdwxaaZpvD+nWCNcWlviBpNpLGVIo02MW3+PMAVZ7K2pn0dRtyby4jNahkt3XO5vfQxcAcH6j5NzqWuaHY6nc3eoz9nPeW8czrDEkaBVLg4XcGOKa2zjKkK27GTSSWjE0aacRD8Rz2Wmcaa9b2wjtrCW6ee2gQbUjV2LLGqjoFVsAeFX+BqOdGLethOKpqFRpDk+hg4R4X4g0/ifVdb0iz1XdewwWrXkCT7AsbM2zeDt3b1ziqfbmKnTlFRk1lwPUIKWoBcX+S664r8tuu8OcIw2djGge5ht2/G9vHFCFjYKEVsZbngDvqVhdoKGFVSpd52FV6Fp2XJMe3BXk78mXCXCOlaJxnZaBLxHDE73k9zHDI8naTOysJJEDMoUhQT4VS4jG1atRypykoeWw7Tw7tpcILTh3yF3lwlrZaRw5dXUuRFbxW9uzsQCeQ2+io8sRiYq7lL70L+D80+w8scd+T3ivybT2EOsy2bWGqS3DWvuWRpCqxlc7sqm34Yx1761mB2hDEJqN7xtchVabi78Lg/Df3N9e2Wn6bJG95fXEdtEHPmhpWCLu8BuI51NnNRi5PRK42s3Y9G+THyPaRwZZ6vc+U630K7m1C5i9wzzhZ0Tar70Vpo1Klic4HhWVxu03WklRclbXh8pLpYdvhc0/KB5MOBOM+C77TuALDQYtbWWAi8t44oezUPuZWljQsu5QeXfTWGx9SjUTquTj5bi6mHy0seU+PtJ1vQuJLrh/Wmge/0thFK1sS0ZLor8mIUnkw7q1mHrxqwU46Mgyi07Mq2GoRxaPcW7OFdt+1T1O5RTxw9heS/gXycyeS3hzUtV4d0qWV9NjnvL25tYWY8iWkkdlyeXUmsVjsZVVeUYyku+5k6lSTiaY0z6Hwj8o8MfqFv97TfS4rxpfehz4O/FfYAflT8iqcVT6PrPk0t9EsrGziuBdSw7beOV8jGOyjIfaARz6VPwO1ehvGs5N5dfyjFXDu+SsDP0Kug8OcSS8WT8Q6RZapJGbJofdcCTCMv2wbZvDbd20Zx4VJ27iJ09zdbV76eYTh4KVx0XnD/kJsrmS0vdJ4ctrqIgSwS29urqSMgMNvLkapY4jEyV1KX3ok/B+SfYRfgX9D7+wHDP6hb/AHtK6bFeNL70e+DvxX2CO4q0jgab6JTh2x0i00+Th65ay7aztY4zaMxDB1aNRsOcDPKrulWqLBSk295XzuRpUrVLNWPQGpcF+RzS40l1Ph7QbKKRikck9pAiswGdoJXrjnWfp4vET0nLtJPQJ6K5RXS/oftyj8D+GSSQAOwt+ZJwB8GnemxXjS+9Hvgz8V9h508sHkV4m4Qn17iuEWEPDd1eyRWltbu3aRQXUjGJBFsCoFXzcBuVaHZ204VVGnnv7ufmIVWk458B9+Tbyf8Ak3n8m/Dt7f8ADelXE7abDJd3k1pEzsyp58juVJPTJJrP4rHVumklKS758esmdAll5PUXBpX0PRAIsOGCDzB7G3+9rnS4rxpfejvwd+K+wX/lZ8hNlxu2kX3k0h0W0s4Fnhv3tytvHJJuUpjso2DFeYOelT8FtXobqs5N5W4/KMVcO+VhN8BeTrjPyh3F/pOnSWcEejmL3aLh2i83cyAJtV92Nh8KusbtCFCKbv32gzSpOT6rnqy64b8h+nyraalo/DtpeoiGaCW3t1cFlznBXoe41lI4jEyV1KVvsib8HvosvIYnF3AXkq4q4X1XQuEbPh+PiK6ty2ny20cMciPG6tu3om5VwMEjxp+hjK1KalUlJwvnncRPDu2ljzTrPkz424M4x07hO4azbU9cWE2s0UjPCBNK0S7nKqV2spLeb0rS0do0qlKVRX3Y6kTopb27xZ6L8nPkk4R4L4OFt5QbDQ7rUDdO34JXMccwPaAbYu1lQNy28hWbxW0alaq3SclHlexMhh1ZWV3xCH8DPofRzNhwzgfyRb/e0z02K8aX3oV8GfivsPPHlZ8gHEGhXWs8U2z2MPCsl+GtIoZG7SK3vJwsI7LYFCp2gGA3Sr7A7XhNKDu6m722RElQdx36D5OeBdY8kQgi4f078E30u4tFvhbRe6PdMMbxrL2u3d2m5Q27Oc1RfRCqqybk7b19ciZXw6i2keV+FbTWOJb7TOGNHeJL+/3QCSdikaDBxuYBtuR6K2OIrxowc5aIr4QcnZHqzhTyXeTvhfgyx0rjTTNEN+O1tzqc0UTPMXy2e1dQ28Bj6gBWPnj61Wo5Qk0uV9Ce8PF+Cr5IwPoebzfwFJpvaiYaNqF1ZJMnNHXeJQyt0IPa8qJuAnvUkYfatPdreVewZ1TStKep6nBp8G+TzpG/Ioh1Y/cHpp2lSc3ZDNasqauwLu7me7naedt0jfIB3ADuAq1hBRVkU85uTuzz35c9K9y8XRXqjCX9ujMfGSImM/YhazO2adqu94yNt3O1t6g4+K/Xn85i8Ly6bp9sbh72OK7nGGw5VkT4vLxPM1TmgRsvrunSY7TUEfHTc5bHy147cr3ev6Zb20ksdxHPKo97iU5LMemfR4149c2fI7wZLq2pPxTqil4IJCbMOPyS4B5yc/pY+76r9LV5sjB7z6SWi08vsMxt/aO5HoYvvpa9S5ef1eUd22tKY0/ba4eP22vHj9trx4/ba8ePu2vHj9trx4/ba8eP22vHj9trx4//1Y8UTgUH3FePH3FcPGnoWt3Gk3O9cvbSY90QfGA+mXwYVGxOHVVdfAeo1nB9QxbW6t7u3S4t3EkMgyrD5wR3Ed4qinBxdnqW8ZKSutCaknT9Xjp9rh4/V48fq8eKuqaXYarp1zpuoQrcWV3G0U8LdGVhg+o+BHSuSimrMXCbi01qhQH6FbgzJxquogdwzB/CqhfAIc2Wn0Yqcl6T9+srcGfotqPywfwqufAI82e+jFTkvSfv1lXgz9FtR+WD+FV74BHmz30Yqcl6Rh+T3yfaRwNo82l6bLLcJPO1xLNcFS5ZlVAPMVRgBKk0aKpqyIOJxMq0t5hRTpHMziXh7TeI9CvNF1JC9nexmOTGNynqrqTnDIwDL6RSZwUlZjlKq4SUlqhT/rKvBn6Laj8sH8KqH8AjzZZ/RepyR9/WVeDP0W1H5YP4VXvgEebOfRepyXpP36ypwZ+i2o/LB/Cq98AjzZ76L1OSFTZeQ/ibiLVtcXhBFu9I0jUJNOW4u54ond4up57QfHkKzuP2lQw1Tcm32Giw1OdSClbUyZNd4n4Jubrhm8gt3n0+Z0cNmQKx5kI6MAyk8xTDwtLFJVU33yJsMVUorct2jh+hl4h1LX+KdWu7qGGOHT7HCtGGB33EqqBzJ+lVqo9uYaFCnGzd5P1EmjipVXZpWN7yns2teVzhfRwcxfghp6Sr197g3Xcw+YVGwEtyjOfKEvTkh2vlBLnL1Zhz5WNJ4j1/QYbXQ4Iri5Sdrh45pFiQlUIjGWxnzmqvwVaEZ9+7IditxNrW2Qno/Jp5bXkRZtI0xYiyiRhdRnC5848pD3VcvFYLhOfZ7BlYiv4q9I3vLJqUdp5P71FPvbtHGAehSMFyMepKp8BedVIehG2b5Mz/ACHe57HyP6HY21xC99La3NwIBKhk7SeSR1yoO4YyueXKpe11N4iUmu9ulciYaPeo86caeSPjz8P9npM1tANQ4haV9NRbiNlZYF84u/IL5q551o8FtKisO5Xyp2vlzI2KpylVb56eY9EeQnhS88n/AAbJpfEUttZ6jdX8l0yG4iKmPs441IYsAfgHp0rO7UxHwqrvUk5RUUvWSKFJwjmBnkVc33ls4z1VuZt7QxK37XnQ/OFqTtF7mDpx5y+cXJXrvqSRueVzhHyja1xPHfcNWFpd2Yto4ne6nSNgyZJAUsh+mqJgK+HUGqsmnfgh6U5wSUVcpeTHgnyn6XxpZ6hxFp1jbaXBHPvlt50kkDtEVTCq7H4R8KcxuIwrpNU5ScstUJVWrLKSVjN+iegj1jiDgrRnYol1M6O643KskiqxGe/FWfcnT6Sq1z3UQNr1eiw7mtVd9iF9f+TSHhnirhN9BlkvdUutUgFvBdsgiLROrruKqmBuxn0VtNu4Knh6Dld2ad+wzGw9qVMVVakklG2h6diWfU9PZOPbXTA63Bazh7RexIC/Cy7/AA+Z7+lCm95fSU9Mzc2UfBbOJYF0vTnbgOx01ruaeIXiLIvZdmAcsxR/hgHzRmvXal9Ova2R1Le1bF39EZw7wM3Auua3DZWJ4naa17S9VlN2T2qI+4Bt3wOR5dKtti1a/Swi79Fn5NGQsTSjZvj9oCtf+h54S0/gK84lg1K/aeDTzfRQyGHYX7LeqsAgOM8utEOWEiob13oZOG0ZyqqFla9h4+TT3K3kn4ZguwjWr6PAtwshAQxtH5wcnAxg86FOPk/hM7a77Nnh494n76Ew4d8mOOVlpGP2rD/DK5bE8pDu++b9/MfNTfiDT7G3tuBrLTX0oRTmdWkARXOT72VbBzz3emuQlFSfTX3sj26pZtsTP0HsuyXi5T1KWR+ymq+7pnbo/u3yEDBK9/fmPHUtH4Dur6W41O102S/kIM73DxrKSAANwZ1PTHdWfp9O4rdT3SfdrK7PN3lu4ri4b4/uNN0G1svwNFtbyRrF5yBnjy+Cj4+FWm2bs/paKlUclK7ItTHTg7a+UC+BuIbnUvK3w3qdwqRye77RNseQoCuqd5NT8Xh1Swk4rxWR4VnVrJs9F/RM69d6RwXp97bRxysupiNhKCQA8EhyMEfFrMbEoxrVXFv6m/pRMq1ZUlvI85WPlM1Wa9topLW3WN5Y1ZlD5ALDJGWrSVNlQUW03oNQ2jNySssz039EYvuryN6wR5xjeynB9HboCfkesxsOp+PqPXf1CsXT7x+/E0vIreLdeSfh4P5y+5TC6nmCASpB9hpjab3cTNfXEiCvFPqRoDhzyYqNosdIAHLHaQ8sd35JXLYnlI7vvm/fzEk7XumafBDwDaabIguC13B2i9koZc7gUfk5IGcnpSU7S+nX0yPbql4TYn/oc5b2w484w07UIUttQaef3VBGdyJIkuSqsOqqQcGrjbjTp05Rd47uRHwq72S5SM36JHivUtC4/txb28MkN5p0EoeQMTuV5IyORHxad2LhIV6LbbupNeo5VxcqT3UkVvofuNbvVePYBdRRQlVaNOyDDImRgc5J71Fe2xg40aV4tscoYl1lJNaBb5fl9z8ecEasqglory2L+DRFZUx6ffDUTZct7D1Y8t1nlHdrR67+oMvLnqFwvks1DU7RElltmtLxVfJXa0qqx5Ed0lQtlxU8QoS43XoO1JOmt5cDy7pnlIvbvULe1vYLeG1nkEc0q7lKqxwTlmIGM99aqtsuMYNxbbQzS2jJySaVh8ca3flN4g8k9/Cmm6ddaRcaesqzLJtm9z22Je1AL83AhzjvqiwVShTxEb3Ur246vIdxVOO47XuFXkP1pbzgwhGyI5xKv6W5iWX7ZNQNox3KlvfJkiSUrPmjUsuD/JVpN8bm00rR7C+jYEyK0UcqMrB+98qQQDXZVsVViruUojEKcYPL1ewX/wBEBqPlIXhPUJksbF9AtZxImoxv+Oo4ZMQxuE3cy3a4JA5dan7IWHnVUXff5c2s/kE15OnG8dWs+oK/Jnp/DujcJaZomkXsF20Fuss7QyIzPJJh5JWUEsAXblnoMCinQUYxSQOMXKUpuUlYINT1OGwg3t50zfkUXifE/UipdKk5uxBrVlTV3qB1zPPcztPO2+Rup7gO4AdwFWkIqKsinnNyd2RbaUIBnjXgDSuLY7Rb6aWBrMuY3h25IkA3A7g3xRUPF4KNe282rFjs/aU8K3upPe5gr+s/cM/ohe/LF95UL6C0+cvQWXxlreLH0/Ofv1n7hn9EL35YvvK99BafOXoPfGWt4sfT859/WfuGf0Qvfli+8r30Fp85ej5j3xlreLH0/OMfTtNs9OsYLGzjEVrbII4ox3Ko+c+J76t6cFCKitEUFWrKpJyk7tljbShs/ba8ePu2vHj9trx4/ba8eP22vHj9trx4/ba8ePu2vHj9trx4/9bnFE0FB9xXDx+xXjx9xXDxr8Pa7LpVwQwL2cpHbRjqD8dfSPnqNicOqi+uQ/QruD6hhQzQzwpNC4kikG5HXoRVHKLTs9S3i01dHdcOn2uHj9Xjx+rx4/V46fa8ePtcPH6vHj9Xjx+rx4/V46fa8eP1ePH5s7Tt5NjkT41w8JbyI8TanompXfk/u7CFdXt9SuJ9Su2ldXcSLu7dEICsNqDHoIPfQy7pME1N1Gm3ayt7+cJGy6kJ0rp5cvfsD3VfJL5NtWu2vNR0SG4unzvlM0qk5JY52yDvNUFHH4ymt2Lkl9j7CwqUqU3eRQu7bhXyYWHb8M6LBFJqsqx3KNPLhlgRmDFizkbdx9HOnYzrYqX09yaissra+Y9TowjfcyBDhO9PEnltstUk7MPa2d9qTxRuHSMyqlpGAxPdu5ZqbXpung5RinnKMfw4bq234K+ib+QPeMvKLNw7qcVlFZwXQeETSSSzNHtLMQqjby6Lmq3CYNTi3NSTuSWr5plHh7yq3usa5Z6YNOtIxdSbXkS5ZmVQpYsFPI4Ap6tgYRg2lK4m1s971GT9EZqXYcErDuGZO2bkQeqiMdP2pTmw6MunW8mhvESSpya5Cs8mXEuvcAarpsGraTA631tP+B1xLLt5SBZCpaMtj1H41arbuxnu78752dkVGytqQr3pRfgv31PQd4ulzWFnxtfafC2taZYvcWbdoxEXbRHdGhzzDB8ZxmsRFVFJ0o7ypylnlwT5l21FtXeaE15TvKJf6u2kSx6bbNdtL7ht7RZi4ZpjncScEHcAvhWh2XsyM5uEbq/2kR8Xifg1Nzbv7F1G79DjBffgvxvqF9GkF49zb2s0KuGVHj7VmUNk5xyprulw86XR0Um9zev6CNs/ERrXq8JWaC3X/KxcaVrd7pqafbTJaSdms0lw0bPyBJ2jl1PdVXQwEZQTkpbxZWvne3YX+DPKHc8SanPZvZW1skMJmMkU5kbO4KBhuWOdN4vBqEU4KTdz1rasXnlklNz5YuDbTOexjMuAQemX7v0ta3uIpNTzVu++QzndRNLCu3J+tIpcf6k2jcUcF60Y1misdRYtG7FFLuF2ZYdPgmtn3VUukw9uFmZLuRa6aSfG3v6RraW+lcd6FDe63p1uywXEywQpMzopXCl92VOSKDlaFSjO1JSs0uAUU1HVnOp3Ol8C2NsNF063VdUvY4ZomlZF3Mu0PnLHIHICu0oTrSfSqWUcjzalowM+iI4d0Cy8n+rarbWcaapc3cAmuwxLtvky5xkjzto7qsNhTqvERjK+6k+HURMZP6U0n73QS+UJex8jerJ02aTs/wA9haKtb7jfkB1hvudfZGpwJbQXHky4esblVktptHtYpoiwAZGgXIODnnQYxqqfCZySfhvh1hKw7ioLPgvUffxOOBB/IRB+qN9/SfhOJ+u7B/pFzM/iPie14Ft7HS9L062NlPHPIsUk7RhDu87bgnO4tnnT+Hw7rNyqKV8hL77Rir+hKkxecV8wN0VmeZA/NJfGrzuohJqnZN+F8hV7Pau79Xyjt1LgzhLU76W+v9NhuLybHazM5y20BR0YDoKzMKuIirLet5C2348zHvfI35Lr24NxdaBBJMwALdvMvJRgclkA6VKp7SxsFaLlb7H2DFSjSm7yzYl/Kfwnw7wj5XeDo+H7JbC0mazmkiR3kBkF4VZsuzn4IHfWi2fiK1fB1elu5d9qrfUkCcIwrR3dPaeieK+GeH+KLL8DdetEvrFJhOkLSMmJFDKGzGyt0YjrWTw1XEUZb1NSjK1tCxlCnOKUgWXyGeSRWDDh+IFTkH3TcdR+5amva2O5y+8r5hpYaiuQM+Xrjt7PhrXOGGs4Hglt7ZI7jtj2o3ujr72OXm7Km7EwidSE2pKV2cxlujbuEH0O12ZvJfpCZ5RSzRnmOXvnpqHtylP4VOybFUJLol9j84pNN07j7X7zV20Lh60u7bT9QuLOWRrhIiJI3yRtd1PRhzrXYXYjq01JN6LlyK3EbdjRluyXrGL9DvrkmpaLrDvCltMtygkgQ8gUUp31l9uYWVOooxvLItKFdVIKbyBSDW5OFfLtxndpHHKzMsqwSydmjC5RWJ3D9qZqdOl0uCpKSfLry+0MYdd/NX5MZKcO8G+UnTrPXeJNGhnu4e0tYlWeUBESQnAKum7JOedVPT4jDScaLkovPS/yD86FOT77Nl/QPJX5PNB1GPUNI0iOzvYyNk4nlcrg56PIwpqvjsZVjuz3mvsfYep06cL7onvLb5Q21HV9C0e4s4be403U5HM0UrSHswwhYMDyG7GfZV/srBJU5yV84ceeoxiZKM4O98/QMXQOLbbilE4M1bTYJtNuLVre4kWd2MggUEBgMbd2zPI8qqKtB0vptPe6RO/uiXOmne7ui2PIV5JAQfwuxcuf5YuD/u2k/RbH85feV8wx8Fo9RLx5xXZ8BcNRRQabBNo7QXEPYPMybRs/I0xuzv349FcwOGlXqd+pb91noO1XHdbvkgQ+ht1XtNEe23dbaNuZA86CVoj1+pYVL29Rl0rsr5+tCcNNOlFvyAx5WtY/A/ysy6RPawi11RbeYXRPne/xhSx+l+GpFTNn4Vywu/mpRvl5Bv4XaooWy5jD0DjG24pjh4P1nTbefTLu29y3EoncmTsUDKGAIC7tmeR5VWVaDpfTKe8qid/dD86Sad3dA7qOg8P+TryvcO3Gg2S2ena7p11ZyW6yO6meNt+SXZ25+98q2Pcji6teTjVb3r6tWya9hlO6OlGFFyitPf5QuuJpriZppm3yN1P3AO4UTYxUVZAynNyd2R7aUJP22vHj9trx4/ba8eP22vHj7trx4/ba8eP22vHj9trh4/ba8eP22vHj9trx4+7a8eP22vHj9trx4/ba8eP22vHj/9f5iiYCg+4rh4+4rx4+4rh4+4rh42eHdfk0ybspSXsZD74nUoT9Ov3R31FxWGVRXXhEjD4jcdn4Ifo6SIskbB43AZHU5BB6EGqVqxbLM6rh0/V48fq8ePteOn2uHj9Xjx+rx4/V48fq8dPtePH6vHD7XDp+rx4VPln8mT6tEnFfDlqW4ssHiYrGTm5gQlTGVyFLANnPUqNvhUDH4NVYPLNltsvaDozSb731C7Nj5TCSRwPdAeHaj+BWZ+gFXxn2e01nxho9Xb7Crqmi+VC90y7sk4MuoTcxmLtd4baGxnlgZ5UulsOpGak23Z8vaN1NvUZRcclfrN7iPyM3/DVjw3rPCWlzXmopCIOIbBZGZpWkiBaQbiQoDhgdvLO3lVxj9m9JSUY6/KU2ztr7lVub73h5ORkfhJ454l1XRtM1bhW6sNH93xSajOZAR2GcSDI2lfMLc6r8BsedKpvSzvkWOP21TqU2otJoLPKH5CdK0nSLbV+AtNl/BqwuopWtlmllM0JJVlAkZuYJB5d2at8ZgIyptRWpS4Das41E5vIX/Eem8d6nZy6RJwtc2LSyR9pIzhtqhg2MYHoqowewK0Jqecl5PaXeL7o8PKDjdJ+X2DM4m4K0XiHTY7K+iybZWFnKGZTGxTaD5pGeg5HwrfYjCQqxtLhoDTB4+pQm5ReuvWLXR14803Trayl4XuLiS0XsxOJAoYKTt5YPQcqH+I7nK85tq6v1e0JlHunw0YJOSduv2G95PPJhpkenWmra5p8kWvR3DXA3yOpUpJmPKK23uzWv2fs2EYRlOPfp+rQxO1tsTlUlCnK9Nr16lHXtE4m0jjPV7vS9Fl1PTtUEcw7NtgWXHnnv57t3y1S7b2LUr1bwvz7dS92Bt6lQoKNRq6y7NPQQ6FwPdcTcUz3fFOhzWVhHZrHBG0jAGVXXB3IVPQtyp3Y2xXTvGqm1ryzG9u90EZpSoSW9fy5HevcCXXDHElte8K6NNe2E1q8VzbpIxxJuzu3OWPxeXor22diOolGkml2nNhd0Kim68lvdmRLw3pnFN9x3o+o6hoc2m2dhHOGkdg67njcA55d7AUjYeyKuGq3knb2DndDtqjicO4wavll5xjcRcLaNxFZJZ6tAZ7eOQTIoZkIcArnKkHoxrV18PCqrTV0YnC4upQlvQdnawpNO0jjDh97/AEy24buL2zS8ma0nD7QYs7VxyOchQc1hcfsCtUqtxuloEjAd0dCFJKUo7zz89syDiCy471awS1Tha5tykyTdpu3/AAM8sYHjTWG2BXpy3mm8raD1fujw1SNt6Kz5k2vadx7rulz2EfClzCZGSRpe0BwFbPQhaRh9g1qM1J3fmF1u6HD1YOKlHtPQPlBls73yf6zpNo/um8nsJIbeGIFi0nZ+auenMitZUwtSUHZcDEUcZShVi3LiITTU46s9OtbM8J3MhtoliMnaAbtoxnGDislV7nK8puWeb5e029PumwsYpXjkufsLHujjj9lC5/VR/Apv4s4jr7PaL+NGF5x7fYQ2/Cut8S8U6Suv8OXFnpEKzJdFpDg7kZkJZdrDzwOlW2ydiVKVS1RNxfm4FRtnugpVKTdKSU1px4nL8La/w1xNrEeicOXF5pM5iW0KyHAVFBOGbczecx61zauxKlWpammorzitkd0FKnSTqyTm9eHEsdvxz+yfc/qo/gVVfFnEdfZ7S1+NGF5x7fYfu345/ZPuf1UfwK98WcR19ntPfGjC849vsMDWuH+PtS1yy1McN3MK2XZ4g3Bt2xy587ljOfCptDYlenTlCze9xIlbb+GnNS3oqwY22i+VS8hW5t+A72SGTJRxIMHBx3iqqexJwe65Zrq9pb09swqR3oq6fX7CJ9N8pqOyNwPdhlJDDtRyI9lLWwajz3n2e0alt+inZ27fYafBPkdl4kuuI9U410KezlZIk0a2eV0IYRuGIMbLuxtT4XKrzZ+z+jp7suBQ7T2rv1FKm9dQd4f4e8p+k6Vb2J4Nu52t922XeFzuYsPN59M1U4jYtSpNyu1fqLihtyjTgo5O3WOfyG8L6lw9wKkeq27WuqX11PeXkD43qztsXdjPVI1PtrTYSluU0jI7RrqrVbTuhPwcKeUXRb/VrS34Tur60k1C4mtp1cIDGz4XHXkQAaz2O2ROrU3lkajBbZpUqai2ma+ieRW51vhTinXOI9Gnh4onM7aHZmVlZOzhzFgKwVtz+b53hVnhMBuUd1rNaFXjdq71dOL716+/kMfTdG8ptpp1raNwXdytbRLEZO0C7tgwDjBxyqlq7DqSm5Xau76e0vKe3qMYpZZLn7CwLHymDmvBF3uHwcyDGe7upv6AVeb7PaL+MNHq7fYF/AP0P3DFzwva3fGOnSycQ3TST3imeWMpvclEKxuq524J9JrT0MFFQW8szKYradR1HuPvQU1bye8UcK8Ya3bcM8MXWocPXBgaxZJMhcRhn89yzHDsw51U7S2VKrJbuSRc7M2zCnT79pyfmOPcHlJ/ZIvP1UfwKrvoBV5vs9pZfGCh1dvsNLhLyW6zxdxOJeNNEn03QNPtm7K0klKma4kbGd6FWwBzOPAeNW2zNlOlffzuVG1ttKol0bzMOx4S8omgG80m24Tur6ygvJzaXKuFDRFsKR1zkLnNQ8ZsadSo5J28xOwm3KUKaTaCzgDyJW2vpqWt8f6ZLFeXU4Sw04zSRmCCNcA5jZc7s45+Ge+rbAbOVOnuyKXae15TqXpv35AvqvB/E3B3Eutado3Ds97oc86Tac6ycgmzOAzbmbG7bk+FQcdsSpXneF7IsMBt6lRp2qNbzNPgPhbW77imTiPiDT209LCMQaVYyHdh3B3y/Oe7v9FXGwdkPD3c9ff1FH3SbcjiIqFN5PW3Ll52NDbWnMYfttePH7bXjx+2148fttePH7bXjx+2148fttePH3bXjx+2148fttePH7bXjx+2148fttePH3bXjx+2148fttePH7bXjx//0PuKJYKD7iuHj7iuHj7ivHD7iuHj7ivHjd4b4hbT3FtcktYuc56mJj9MPqfEVDxWG3814XrJeGxG5k/B9QcqysoZSGVgCrDmCD0IqnLU+148fa8dP1ePH2uHj9Xjx+rx4/V46fa8eP1eOH2vHT9XDx+rx4/V48fq8eP1eOn2vHj9Xjx+rx4E+KrfbqCS45SoMnxKnH2sVY4OXe25FVjo2mnzMbbUshH3FePH3bXjx92148fdtePH7bXjx92146fdtcPH7bXjx92148figPUZr1z1j7trx4/ba8ePu2vHj9trx4+7a8eP22vHj9trx4taZp0uoahb2UWd87hMjuHVm+tUE01XqqnByfAfw1B1qkYL6p/b7EN68lh0vS1jtwEWNVhtk64wMD5AM1kacXVnn5Wb+vUjQpWjlbKPv1An8/pq3M2fq8cP1ePH6vHj9Xjx+rp4+V48fq8eP1ePH6vHj5Xjh+rx4/V48U9R1KKyj+POw97j+6fRT1Kk5vqGa9dU11gvK8s0rSytvkc5ZjVnGKirIp5Scnd6nG2lHD9trx4/ba8eP22vHj9trx4+7a8eP22vHj9trx4/ba8eP22vHj9trx4+7a8eP22uHrH7bXj1j9tr1z1j7tr1z1j9tr1z1j9tr1ztj9tr1z1j/9HvFEkFB9xXjh9xXDx9xXjx9xXDx9xXjx9xXDwQ8NcQ+4ytldt+NCcRSH8yJ7j9QfmqDisNvd9HX1k3C4nd72WnqDP7Xcaqy0PtePH2uHj9Xjx+rx4/V48fq8dPtePH2uHj9Xjx+rx4/V48fq8eP1eOn2vHj9Xjx+rx4+1w8YfFcO+0hl743I9jj+CoqZg5Wk0QsdG8U+TBnbViVR92146fdtcPH3bXjx+2148fdtePH3bXjx92148fttePH3bXjx+2148fdtePH7bXjx92146fttePH3bXjx+2148fttePB55ONG2pNqso5vmG2HoB98b2nzfYaoNsYi7VNcM38hq+57CWTqvjkvl+bzMu65e+6LwopzFDlFx3t9MfuUzhaW7G/FjmPr79Sy0jl85nVJIJ+rx4/V48fq8eP1eOH6vHj9Xjx8rp4/V48fq8eP1ePHyvHCnqOopZx4GGnb4CeH1TeinqVJzfUM16ygusG5HklkaSRizscsxqyiklZFTJuTu9TnbXbibH7bXrnrH7bXrnbH7bXrnrH7bXrnrH7bXrnrH7bXrnrH3bXrnrH7bXrnrH7bXrnrH7bXrnrH7bXrnrH3bXLnrH7bXrnbH7bXrnrH7bXrnrH3bXrnrH7bXrnrH7bXrnrH3bXLnbH//SlxRIBOfQK8ePuK4ePuK8eOsVw8fQK8ePuK4ePuK4eCThrX+xK2N4/vB5QSt9Ifik/F8PCoGKw9++jrxJ+FxNu9lpwC6q0sj9Xjx+rx4/V48fq8dPtePH2vHj9XDx+rx4/V48fq8ePteOn6vHj9Xjx+rx4+1w8fq8eKerwdtptwn0wXevrTzvnxinaMrTTGcRHeg0Bu2rcpD7trx4+7a8eP22vHj7trx4+7a8ePu2vHj9trx0+7a8ePu2vHj9trh6x921656x+21652x921656x+21y56x921656x+21652xPY2M17eQ2kIzLO4Rc9BnqT6AOZpurVUIuT0Q7QoSqzUI6yY1bkwaTo6W9v5ojQQ246HOPhfbY+mspTTq1Lvys3laUcPR3Y8FZe/pBjFWpnT9ivHj5Xjx+rx4/V48fq8eP1eOH6vHj9Xjx+rp4+V48fq8eKeoaglqm1cNOw81fD0tTtKk5vqGK1ZQXWD0jPI7SSMWdjlmPfVjFJKyKuTbd2c7a7c5Y/ba9c9Y/ba9c9Y/ba9c9Y+7a9c9Y/ba9c9Y/ba9c9Y/ba9c9Y/EAdTivHia3sby4OLeCSU/UqSPl6U3OrGOrSHadCc/Bi2advwjrEuDII7dT+eNlv3Vc1FntCmtLsm09lVpa2iaVvwVarzubp5PFYwEHynJqNPaUn4KSJlPY8F4Um/JkVuJdEsrG1t5bWIopcpIxJYkkZXJPqNO4LEynJqT4DO0cHCnBOCtnYHttWNyosfdteuesftteuesftteuesfdtcudsftnLJ6V65y60P22vXO2Pu2vXPWP/9OcCiOCc6Arx4+4rh4+gV48fQK4ePoFcPHQFePH0CuHj7t8a9c8E/Dmv42WN43LktvM3zIx+0arsTh/qo+cscLifqZeYJ6gFgfq8eP1eOn2vHj9Xjx9rh4/V48fq8eP1ePH2vHT9Xjx+rx4/V48fa4eP1ePH6vHj4VDAqeh5H1V48BEsLRTSRN8KNip9anFXUZXSZQTjutrkc7aUJPu2vHT7trx4+7a4ePu2vXPWPu2vXO2P22uXPWPu2vXO2Pu2vXPWP22vXPWPu2uXO2P22vXPWPu2vXPWP22uXPWPu2vXO2P22vXPWDTye6SC82pyL8HMNuT0yecjD2YHy1SbWr6U15X8hpu5/C61X5F8vzdpd1u9903hVTmKHKJ4E/TH5aZw1Pdj1scx9fpKllpHL5zPqSQj9Xjx+rx4/Yrx4+ZGcDmfAcz8grxxH1kdG2upVh1UjB58+hriaegqUWnZ5HyunD9Xjx+rxw/V48fq8eKd/qCWy7Vw07DzV7h6Wp6lScvIM1qyguswXLu5dzudjlmPfU9JJWRWNtu7OdtducsftteuesfdteuesftteuesftteuesftteuesdxQSzSpFEjSSyHCRqMsT6BSZTUVd5IVCDk1GKu2bEPB+qMcTtHb45EE72HsX+DUKW0YcE2WUNkVfqmo+k0rfg7T0wZ5pZj3gYjHzZNRp7Qm9EkTIbJprwm5eg0YNJ0mzG6O2iQj6dwGPytmo0q9SerbJkMNSp6RS9+skk1O0Qbe03AfSoMj7grioyfA7LFQXErSax3RRe1z9wU6sPzYxLG8kZd7xJOmUjcGTwQYA9bc6lU8GmQq20JLJPPqMG4uLm5k7SeRpG7sk4HqFT4QjFWSKupUlN3k7kW2l3G7H3bXrnbH7bXLnrFPWNTt9K02a/nUtHCB5q9SzEKozzxliBmmMViFRpub4EvA4OWJqxpR1l9tvzIFbbizVdQthMCltksDHEM4weQ3Nk9Kx+J23iZOyaiupfKwg4buWwcF3ylUf1zy7EfI7qY3Ec0sryFHDEsxPQ5qBDFVHUjOcm7NPN9ZaVcBSVCdOnCMbxayS5docbaI1wPn7bXrnbH//UtYojAnPoFcPH0CvHjoCuHj6BXjx9Arh46xXDx9Arx4+gVw8dba8eCnh7Xe1C2V23vo5QSn6b6lvqvDxqtxOHt30dCzwuJv3stQgqGTj9Xjp9rx4+1w8fq8eP1ePH5yqDc5CL4sQB89eR55H5SGAZSCpGQRzBBrx5H2vHT9Xjx+rx4+1w8fq8eP1ePH6vHT9XjwL63D2eoyHHKQBx7Rj7Yqzw0rw8hT4uNqnlKO2pFyPY+7a9c9Y+7a5c7Y+7a9c9Y+7a5c7Y/ba9c9Y+7a9c9Y+7a5c7Y+7a9c9Y/ba9c9Y+7a5c7Y/ba9c9Y+7a9c9Y/ba9c7Y+7a5c9Y/ba9c9YZiT2+n8OWq2px2kSiHxy67mb18yfXWY3HUrPe55m2dSNHDRUOMVbz6v34mBjwqxKQ5kkjjGZHVB9UQK8lfQ42lqVZNWsU6OZD4IMj5TinVQm+AzLEQXG5Vk11z+RQgelzn5hTqwvNjMsZyRLpEeq6zfrbJKYoh51xJGMbI88/aegpGIdOjDeau+A9g4VcTU3U7Li1wXvoHV7c22lWipbxqkpG2FQBnkMbmPU4+eqKlTdWWenE1OIrRw8LRSvw+cF3Z3Ys5LMxyzHmST31bJWM6227s5rx4/V48fq8eP1eOFS+vlt12p50xHIdy+k07Tpb3kGa1ZQXWYbbmYsxLMxyzHqTU5ZZIrm23dnzbXbnLH3bXrnrH7bXrnrH7bXrnrH7bXrnrH7bXrnbF7StEv9Um7O1TzFPvs7co09Z7z6BUfEYqFJXlryJWEwVSvK0FlxfBe/IPtM0fStBtTJuHaEYlu5Pht9SvgPqRVBWxFSvK3oNbhsJRwkL8eMnq/fkZd3rW+Z2giwjHIL9fXgVLp4ayzZW1sdeTcVl1lKS/vH6yFR4L5tPKlFcCNLETfErnLHLEsfE8/t04MPPUjmnihXdI2PAd59QpUYt6CZSUVmZlzfTTZVfe4/AdT6zUmFJLUh1K7lkskVdtPXGLH3bXrnbH7bXLnrH7bXrnrH3bXrnrGVxTaC54d1CIjI7Fn/U/P/fah4+G9Qkur1Zljsip0eKpy+uS7cvlFzw5ITbyoeqsGP1wx++1gqqzC1E2QAeR6UyLCXhu9uJ5Z0nlaVtqsu855A4P2xWr2FjKlSU4zk5PJq5ge6fZ1GhCnKlBQV2nbtXym9trR3MhY/9W6BRFBOfQK4ePoFcPHQFePH0CuHj6BXDx0Frx4+gVw6dAV48fQtcPHQWvHgr0HWjcqLW5b8cr+RufzQDu/TD56rcRQ3c1p6i0wuI3u9l4XrNoA1FJp8kkiiGZXWMD45C/bryTehxtLUoT8QaVFyEpmPhEpYfKcCno4ab4WGJYumuN/IUJuKjzFvbY+qlb7i0/HB82R5Y/ku0oza7q0uff+zHhGoX5+Zp6OGguFyPLF1Hxt5Ck5eQ5lZpD4uS326eSS0GJNvV3CHhy/3J7ikPnJloSe9e9fZ1qDiqVnvIscFWut18NDbqGTz9Xjx9rh4/V48fq8eP1eOn6vHj9XjxjcRQ57GX1oT84+7UzCS1RAxsdGY22ptyBY+7a9c9Y+7a5c7Y+7a9c9Y+7a5c7Y/ba9c9Y+7a9c9Y+7a5c7Y/ba9c9Y+7a9c9Y+7a5c6ftteuesfdteuesftteuesfdtcudsftteuesaja9em1t7cKu23TYjHJyMk5x8g9lRVhI7zfNk6WOm4xjbwVYqSX19J8KZgPir5o+anVSiuBHlXm+JXK5OTzPieZpwaeZ921656x3DBLNKkMSF5ZCFRB1JPQVyU1FXeiFQpuUlGKu2MjStOtdB0ohyDJ8O5lHV37lX0DotZmvVlXqerqRtsNh4YSjn53zfvoYN3dS3Vw00p85ug7lXuUVY04KCsikrVnUk5MhpY0fq8ePlePH48hk8h4nlXjxTu9QjjTbCweU+HML6TT1Ok3roMVayiss2ZDbmYsxJY8yT1JqYsiA7vNn7bXrnLH7bXrnrH7bXrnrH7bXrnrH7bXrnrH4Lk4UFj4DmfmrjdjyV9Ai0Hg+e8K3F8GgtOqx9JJPvV9PWq3FbRUO9hnL0Iu8BseVTvqnew5cX8yCm61HT9JgW1t413IMJbR8gvpY9326q6dGdV7zfnLytiqWHjuRWa+pXy+9wbu7y5u5e0nfcfpV6Ko8FFWdOnGCsiirV51HeTIKcGj53Z7h1NePFO41ADKwDcfjnp7PGnoUr6keddLQoMWdizksx6k1ISS0Ism27s+ba7cTY/ba5c7Y/ba9c9Y+7a9c9Y/ba9c9Y/ba9c9Y+PDHIjRyDdG4KuvipGCKTJXVjqbTutUJvQ0ktr+5tJT75HuR/wBPG2Pumh9Xg45Pgwy0ainFSWklftN9ajDpr8NybNVjH54rIfURu+2oq22JU3cQutNfL8hn+6ajv4NvxZJ/J8oY7a2twa2P/9a+BRDBOdAV48fQK4eOgK4ePoWvHjoCuHT6BXjx0Frh4+ha8eOgtePH0CuHjoAggg4I5gjqCK8dL0usarMu17lwveEwufXjnTMaEFwHpYmo+JUK7jliWPixyfnp1ZDLz1PoWvHj6Frx46C148fQtePEkTyRSLJGdroQyn0iuSimrMVGTi7oL7K7S7tlmXkTydfisOoqoqQcXZl3SqKcbosU2OH6vHj9Xjx+rx0/V48fa8eP1ePFLWIu0sH8UIcezkfmJp6hK00MYmN4MHdtWNyqsfdteuesfdtcudsfdtePWP22vXO2Pu2uHrH3bXrnrH3bXrnbH7bXLnrH3bXrnrH7bXrnbH3bXLnrH3bXrnj9tr1z1j7tr1ztj9trlz1j7tr1z1j9tr1z1j7tr1z1j9trlztgv4G0637ObUnYGVGMKA9EAUMzZPeQfkqn2nWldQ4a+U0mwsNGzqvXTyc/fkSavqRvJtsZ/G8Z97Hxj3sfuVzD0dxZ6s5jcV0srLwVp85nMyoMuQo9JxUghPIgfULRPp95+oBNLVKT4DTrQXEryat+dxe1z9wU4qHNjUsTyRXfULx/p9g+oGPnpxUYoadebK7bnOXJY+kk/bp1JLQabb1Pm2vXOWPu2vXPWP22vXPWP22vXPWJ7Oxur24W3tYzJK3PHQAeLHuFN1asYRvJ5DtChOrLdgrs14uE5M/ji5C45FY1yflaocsf4q7Syhsp/VS7C9Fw7pMQy8ZlPjKxx8gwKYli6j428hKhs+jHVX8pZW4062G2PYmO6JRn5qa3Jy19I90tOGll5D5c8QTG3EFsDHyIeY/Cxnovh66VDCK95dhyrtGW7uwy6zI9PeeZNSysP1ePEU9zFDybm3cg6/xKVGLYic1HUz555ZvhHCdyDp7fGpMYJESdRy8hFtpdxux+21y56x+21652x921656x+21656x+21656x921656x+21y56xg8aazqGjaOLqxSNpHlWJnkBYIGVjuC8gea451A2jiZ0qd463LjYmApYmvuVG7WvlxtbIVlhdyy6wJ523SzuxkfAGWfPPA8TWQrScrt6hLo04wioxyiskEy1EHi5psphvreb6VJELnwXOG+apGDqblaMuUkQtpUelw9SPOL7bXXpDdtT0pbyOyN5B7slJEduHVnYgFjyGe5T1rd/CIbyjfNgqWHqOLnuvdXG2R//X0wKIQJz6BXDx0Frx4+gVw6dAV48fQtcPHQWvHj6Frh46Arx4+ha8eOgteOn0LXDx0Frx4+ha8eOgtePH0LXjx0Frx0+ha8ePoWuXO2NDR7z3Lc7XOIZcB/AHuao2Ip7yutUSsLV3JWejCaq0tT9Xjx+rx0/V48fa8eP2DjPd4148Qy3tpF+STID4A5PzZpUYSeiESqRjqylc6xaNG8aI8m9SueSjmMd9PQw8r30I88VC1lmY+2p1yAfcVw9Y/ba9c7Y+7a5c9Y+7a9c8fdtcO2Pu2vXPH7bXj1j7trlzp921656x+21656x921y52x921656x+21656x921654/ba5c7Y+7a9c8ftteueP22vXPH3bXrnrF2z1S7tLWe2hx2dwVZyc/S55e3PP1VHqUIzkpPVEqji504OC0kRSXl2/WQqPBfNFLVKKG5VpviQFcnJ5nxPOnENPPU/ba9c9Y+7a9c9Y/ba9c9Y/ba5c9Y/ba9c7Y+7a9c9Y/ba9c9Y0NI0K81OX3sdnbqcSXDDzR6F+M1RsRio0lnnLkTcHgJ13llHi/m5sMVXStAtBFEuZH545GSQ+LHuFU30zESu/YjS/ScHCy19L8phz6ndzOzbhHuJO1B0z6TU+FCKXMp6mKnJt6eQqszOcuxY+k5p1K2hHbb1PldPHyvHD4zKqlmICjqTXTzZUmvGbzYvNHxz19nhTsafMjzrcirt7+89TTpHP22u3PWP22uXO2Pu2vXPWP22vXPWP22vXPWPu2vXPWKOtavZ6Pp7314HMKELtjXcxZug7gM+JpjEYiNKG8yXg8FPEVFThbefMGPw+Xt1Z+6LK1jgBBKiUmRvNJ5HG1e6s7W27UvaMUvKa/D9yVJL6ZOUn1ZL5WakfG+lTXsFrBDMVnkWJZpNsYBchR5pJJ5mrCG2qcpqMU3d2uVFTuYxFOlKpUlBbsW7at29BPxtZ+6eFtQjxkqglXxzE4k5fuuKl7RhvUJLz9hB2LU3MXTfXbtVvlEZPq0FlMjqRLMrAhFPQg5GTWUjScgkVK8Y9bNiTiW/ce9rHCp8BuPytTaoRGJYub0sit7o1G8ODJNOT3DJH2PKl7sY8kMuc58WzY4c0rUbXV7K77EQpDPHI+8hSVDDcMDJ5jlTlCvGNSL60NYvCTqUZpr6l+o/9DWAoggoPoFcPHQWvHjoLXDx9C148dBa4ePoWvHjoLXjx0Frh0+ha8eOgtePH0LXjx0BXjx9C148dBa8dPoWuXPWPoWuXO2OgteudsfQtcO2Pu2vXPWCDR7wzQ9i5zLEORPend8nSq7EU913WjLTDVd5WeqNGo5KP1ePH6vHj7Xjxm8QQcre4jJEcimOWPJwJE78fVKy+3NSMJLNxeuvm+2RsdDKMlo8n5V86a9JjhQOgqbcrrH3bXLnbH3bXrnj7trlztj7trx6x921y50+7a9c9Y+7a9c9Y/ba5c7Y+7a9c8fdteuePu2uXOn7bXrnj7tr1z1j9trlztj7tr1z1j7tr1z1j9tr1z1j7trlztj9tr1z1j7tr1z1j9tr1z1j9trlztj7tr1z1j9tr1z1j7tr1z1j9tr1z1j9tr1z1j9trlztj7tr1z1j9jFePG9ofC0t3tuLwNFanmsfR5B++rVfisco97DOXqLnAbJdS0qmUeXF/MjbvtYtrKMWlgi7oxtG0e9x+rxNQqWGc3vT9rLPEY6NJblNK67ED0kkkkjSSMXkbmzNzJqwSSVkUspOTu3dnyuiT5XTx+JA6kD18q8eIJLqNR5nnt6OntNLUGxuVRIqOzyHLnPgO4eoU6kkRpSctT5tpVxNj9tr1z1j7trlztj9tr1z1j9tr1z1j7tr1z1j9tr1z1j9trlztjE44tTPwjqqhdzx27Tovi0BEoHtKYqLjae/SkvfIn7KrdFiYS67duXyiN0nXtRltmhWXs1VziOMYO1ufXmeuayk6MUwgPEzfGx1ZW+qe6o7hYpXaFw4d8jBQ56t6qWqsYO9xmWGqVU1Zu/M9C3VpFqGnzWznEV5C0TMO5ZUKkj2NWulacPKgdRbpzT4xfqPMVvoV0WHutewCnDx9Xz0I9HOsnOrbJahMpYdyzfgh9pWmaYLSCRbdWcoMs+XOQMHr6ar51JX1J0KEFwNZPNGFAVfADA+amh47Gccjg+NeOH/9HZC1vwUHQFePHQWvHj6Frh46C148fQteOnQWuHjoLXjx9C148dBa8ePoWvHjoLXjp9C1w9Y6C1652x9C1y52x0Frlztj6Fr1z1joLXLnbH3bXLnbH0LXrnrEsEjwSrKnwlPL0+I9tInFSVmOQk4u6CWKVJY1kTmrjIqsas7MtoyTV0d1wUfa8eP1ePEV+BJp08TDONssZ8HQ/eM1Kp5TT83b7bCaudOUX5fOvZcHttWJUn3bXLnbH3bXrnrH3bXLnT7ivHj7tr1zx921w6ftteuePu2uXO2Pu2vXPWPu2vXPWP22uXO2Pu2vXPWPu2vXPWP22uXO2Pu2vXPWPu2vXPWP22vXPWPu2uXO2P22vXPWPu2vXPWP22vXPWPu2uXO2P22vXPWP22vXPWPu2vXPWP22vXPWP22uXO2Pu2vXPWOkieRwkal3Y4VVGSSa45JK7Oxg5OyV2FOk8NQWae7dTKmRPOEZOUTHe3xmqpxGMc3uw09LNHg9mRpLpKuq7F87OdT16W43RW2Y4DyZ+jv8AwBSqGFUc5Zsbxe0HPvYZR9LMhmRB5xCj01MK3Qja5iHTLeofdNKUGIdSKI2u3+lQD0k5+1SlTEOtyRG007dXx6BypSghDqSZHtz15+vnSht5n3bXrnrH7bXrnrH7bXrnbH3bXLnrH7bXrnrH7bXrnrH3bXrnrH7bXLnbH3bXrnrH7bXrnrHE9tHcQSW8n5HMrRv+lYYP26TLNWFRbi7rgI3hq2jsru5tBEsUicnGMkNG21uZ59TWHxF75haobu6nHRq5fuQRcvnvOfl50wiQMrT9c02w4Vsb/UZxBbrGkHaEFizoCgUBQSWPZk1sMNioxw8ZSfCwM8bgak8bUp01eW83bqefZmJvWp7a51S8uLTd7nmmklh3ja2GYsMju61naslKba0bN9hKcoUoxn4UYpPzGtodxGbNYyw3qWwnfjOc49tQ6izJaNRWJ6D5eVNnSRdwxnHPuFeOH//S3Qtb4FB0Frx4+ha8eOgtcOnQWvHj6Frx46C148fQtePHQWvHToLXjx9C1y52x0Frlz1j6FrlztjoLXrnbH0LXLnbHQWuXO2PoWvXPWPoWuXO2OgtcudsfQteuesfQtcudsaGlXXZydg58yQ+afBv4tRq8L5kvDVLPdZsnkMnkPE8hUQnEEl/Zx9ZQT4L5x+alqnJ8BuVWK1ZWfWIx+RxFvSxwPkGacWHfFjLxS4IrS6ldSqV81EYEEKOeD6TTsaMUNSxEnkVttO3GD7tr1zx921w6fdteuePu2uXO2P22vXPWPu2uXO2Pu2vXPWPu2vXPWPu2uXO2Pu2vXPWP22uXO2Pu2vXPWPu2vXPWP22uXO2Pu2vXPWPu2vXPWP22vXPWPu2uXO2P22vXPWPu2vXPWP22vXO2Pu2uXPWP22vXPWPu2vXPWP22vXPWP22vXO2Pu2uXPWP22vXPWLWm3fuK9iutpbsycqORIIII5+umq9Pfg4kjC1uiqKfIn1DWr2+ky4CRj4EQyQP4J9NN0cNGCyHsTj51XnpyKLPK3wnPqHIfNT6iiI5yZztH8Wu3E2Pu2vXPWP22vXPWP22vXPWPu2vXO2P22uXPWP22vXPWPu2vXPWP22vXPWP22uXO2Pu2vXPWP22vXPWPu2vXPWP22vXPWP22uXO2Pu2vXPWExrkHuLj2+jHISyvIfT269r/ADJqyO0YWqSXXcJWxqu/hoPqt2ZfIZl3qjSX4UIEiVwjnqWUNgn0VDjDItN42bppWsOwMjNDEd0cRYlAc5JCnlSOkk1utu3LgJjRgpuait58bZ9oJyptZl8CR8lSEeZb0OTbfIPjqyH1gZ/faRUWR6ITpUcWSFlAGSAcjl6+VeOH/9MhC1vgUH0LXDp0Frx46C148fQtePHQWvHjoLXjp9C1w9Y6C1652x0Frlztj6FrlztjoLXLnbH0LXrnrHQWuXO2PoWuXO2OgteudsfdtcuesfQtcudsdBa8dPu2uXPH0LXLnbH0LXjx0xdzl2Ln6ok0lJLQU23qz8Frtzlj7trlztj7tr1z1jrbXLnT9tr1z1j7trlztj7tr1z1j7trlztj7tr1z1j7tr1z1j7trlztj7tr1z1j7trlztj9tr1zx921652x921y56x921656x+21y52x921656x921656x+21652x921y56x+21656x921652x+21y56x921656x+21656x921y52x+21656x921656x+21656x+21652x921y56x+21656x+21656x921656x+21656x+21y52x+21656x921656x+21656x+21656x921y52x+21656x+21656x921656x+21656x921y52x+21656x+21656x921656wpvKtaPZ8T2l+o2rcwIS2OrxOVY/uhSs9tWH0y/NG47ma16Dj4svQ/bcDLxSs7Ed4BHyY+5VXDQ0ktQmjZZrVWzgSoCM/VDNR3kzqMWeyknh321u8jlhlo0Zs55dQPGnoXucnZGpoPBepy3MMt24sYxIuUYbpcZH0o5D2mn+ibRHlXS0zGjY8BaHFjtRNdyfVttU/WJj7dIVCIzLEy8hptDw9o8LF1tLBQOe8orfZZanLRiNrfnpdn//UJQtb0FJ9C148dBa8eOgtePH0LXjp0FrlztjoLXLnrHQWuXO2PoWvXO2OgtcudsfQtcudsdBa5c7Y+ha9c9Y6C1y52x9C1y52x9C1656x1trlztj6Frlzp9C1654+gVw6dba9c8fdtcOn0LXrnrH3bXLnbH3bXLnj7tr1ztj7trlz1j7tr1ztj7trlztj7tr1z1j7tr1ztj7trlz1j7tr1z1j7trlztj7tr1z1j7trlztj7tr1z1j9tr1ztj7trlz1j7tr1z1j9trlztj7tr1z1j7trlztj9tr1z1j7tr1z1j7trlztj9tr1z1j7tr1z1j9trlztj9tr1z1j7tr1z1j9tr1z1j7trlz1j9tr1ztj9tr1z1j7tr1z1j9tr1z1j9trlz1j7tr1ztj9tr1z1j9tr1z1j9tr1z1j7tr1z1j9trx6x+21y56x921650/ba9c9Y/ba9c9Y+7a9c9Y/ba9c8fttcuePuK9c6fsV49Y+hQeRyB3kda8zx501qTUW1G6TUrmS5u4JZIppJmLHdGxVsZ5AZHdWSqOW8953aChhY01Ti6cVGLSeXWjW0PQrfWHL3EkkcaIpGxeT5PMbzyGPRTdKN2x2vU3UrDU4f4e4etNJhk9ywxlVKe6LlgTyJGd0h2046cU9CG6s5ZXMDUeMuGLW3eI36OwHOK1UyYxz+kG2vKSQqOHm+HaBOp+U0hymkWvUfli665HQrGp/mRpbmSIYTxmd3PG3FeqRjt9Tm7NwG7GDEScx4RgH56hynLmWMMNTjmoorw6bezP2hiZmP5pKefytzpFxx1Yrif//VKFGW2jm3xRzPyCt6ClZmja8P61c4MNnJtP07jYvytio88XSjrJesl08DWnpF+fI014F11oGePsZJVGTbK/nEehiAp9VRntSknZ3S5kxbEruN1ut8r+6MSa3mt5mguI2hmX4UcgKsPYanRmpK8XdFZOnKEt2SalyZ8C125yx9C1y52x0FrlztjoLXLnbH0LXrnrHQWuXO2PoWuXO2OgteudsfQtcuesfQtcudOgteOn0LXLnrH0LXLnbHW2vXPH0LXLnT6Frlztj6Fr1z1jrbXLnT7tr1z1j6FrlzzaWp921650+7a5c7Y+7a9c9Y+7a5c7Y+7a9c9Y+7a5c7Y+7a9c9Y+7a5c7Y+7a9c9Y+7a5c7Y+7a9c7Y+7a5c9Y+7a9c7Y/ba5c9Y+7a9c9Y+7a5c7Y+7a9c9Y/ba5c7Y+7a9c9Y/ba9c9Y+7a5c7Y+7a9c9Y/ba9c9Y+7a5c7Y/ba9c9Y/ba9c9Y+7a9c9Y/ba9c9Y+7a5c6ftteuesftteuesfQhJwBk+Ar1zxS1TWNI0qB59Ru4rZEGSGYFz6AgyxJ7himK2Kp01eTSFRg3oDdz5SLLH4yspJgeayTMI1I8dq7mqjq90UF4EW/LkPrDPizLl8pGtgsq21qu4ZQ4c7cdeRPne2oT7oa3ix9I58GianBXE2qapqVzBfyiQGIPEqoqKhRsHaB8YPzz4VP2PtGrWqSVR8MhutSUVkGWK0BHP2K8esfsV48fcV654/Yrx4/ba8ePuK4eP2K8dP2K8eP2K8ePu2vHj9ivHj9ivHj7ivHhfa1w7oltrN7fzQIZJJDK805yis4DHG7CjrVBiqaVRm52XXlPDwXJW7Ab4q40sU0X3Po+pL7ujkABgXcqrz3YcjYp591RHLPItqOHbd5LID9L/BHUllM5lunD5LysWHnD6o47jUatqWlKcYq2hYOkTCV0kZUGTyHndfVSVMblJXMpNOiR/OzIRkHPIU9vDLmwl0y9YadKIUWOS2TzCBnceeM9KYlHM9ds1beUywRyEk71DejmM029Tx/9Z/W1naWw221vHCO7s1APy9as5zlLwm2UNOnGHgpLyHck0ac5ZAv6Y1yMW9EdlNLVkcOtWME4Yszr0YopPI/JSpYackIp42nCV9TSnttG1q32zJHeRjofp09R5MtRYzqUZZXiyxnToYmOaU16V8qBTVvJ5MmZdJl7VOvuaY4cfpX6H21bUNrp5VF518xQYvufazou/U/kfzgpcWtxbTGG5ieCYdY5AVPs8fZVtCpGavF3RQVKUqct2acX1nIWu3E2OgteudsfQtcuesdBa5c7Y+ha5c7Y+ha9c8dBa5c7Y+ha5c7Y621656x9C1y50+ha5c7Y+ha9c8dba5c7Y+ha9c9Y+blH8So9TFU4eFJE/D7KxVb7jpzkudrLtdiaO2uZAdkRGMYDHbnPQD01BntamvBTfoL2h3H4mX3JKEO2T9GXpOY4mbznfs41ba7BSQOROCe48qhVNrVH4KS9JoMP3FYaH3JKdR+Xd9WfpOZ4LdLp42lzGi7pBIc4J5BQFI3dR0qFUxVSWsmX+E2PhKMVKFKClztd9sr2KthcTIHtp1aSSGQxxTAebIgPmNk47uRz66tMNtOEYWn4SMhtbuSrSxDlh1Hop99m7br4x59atwduBbhnik3DISRHMbxsRuDDnjHqINWFDFQqR3kZbaGzK2FqunNXsk7pPds+N+XDyom21IuQLH3bXLnbH3bXrnbH3bXLnrH3bXLnbH3bXrnrH3bXLnbH3bXrnrH3bXLnbH3bXrnrH7bXLnbH3bXrnrH3bXLnbH3bXrnrH7bXLnrH3bXrnbH3bXrnrH7bXrnrH3bXLnT9ivHj7ivXPWP22uXPH3FeudP2K8esfsV48fcV48fttePH7FcPGNxbxA3D+iyailt7rdWVEj3bFDN0ZzzO0ejnUTHYroabna45ThvOwq04z4j1mOV72+dR2hHueAmGJVIBGFXB78czWOxO0K9R5yaT4LImqlGOiMPXJ1DQxjmzEs7Hmx5bRk9e81DhG92xxF/Tp99jCT1C7D9Z5v3KRJZnGSTtyVvA4PqI/ggVxHDc4Dvuw4otFY4S43wMf0yEp8rqo9tWuxqu7iF9ddDdZXiNzFbcgn7FePH3FePH7FePH7FcPH7FeOn3FePH7FePH7FePH3FePH7FePH7FePH7FePH3FePCY8uOm3Da5p9ym5oZ7YxtHk9mJIZCSxU8slZFHsqk2lG00+aNt3MVl0M48pX7V7ADsbCQK5ZgCmGCAZzjnj5qq5SNLvXRqabqK2TyMyNIHAAVSBzHrpE43Gk7G3bJFeot22V7Qc4wehHLr7KZeTsLuVNUsbSNZeyjAcrvLcyc5yevjS4yZy2Rm6fM0dyiZxHKwSRe4gnAz7TTk1dHEEsSoihEUKijCqOgFRhR//Xccl5dy/DlbHgPNHzVoVTitEYuVactWQ4557/ABpY2fq8eOo3eNw8bFHHRlOD8orjSasxUZNO6dmbNlxNdR4W7Xt0+OuFcfcNQ6mCi/ByLOhtWccpreXpNbtdG1mAwSBLhfzmQYdfVnmPZUPdqUXdZdaLNVKGJjuu0up6+/kBzVPJ+wzJpc2f5TTnn9bJ99VjQ2twqLzr5imxWwONJ+Z/I/nBW6s7q0mMF1E0Eo+kcYz6j0Psq2p1YzV4u6KCrRnTluzW6zgLSrjdj6FrlztjoLXLnbH0LXrnjoLXLnT6Fr1z1j6FrlztjrbXLnT6Fr1z1j6Frlztj7tOOXXurjfIUkr56H64t5UWHbLueY4WJRzJ79pGcgVm6m06z0tEKGC7ksClvTUqiXGTy7FbU+W+rwT2y2tvGWPbPAkgGYyUJPwyORYLn1VXOV3c08cOqduCUVlxtp2LQnuJL5J1iVRbq52qUHaFl+D0+CT6RXGz0FFq7z9FjkWqG0k7Wdx2e9X2naFXptkQc/OZfGvHnN7ystbe6fUcWkCQW6TmNPMLTohG07FHUSdx3dFriQupLek4+b3Xyn6S7tbidJ3bdEueWMyueZyyjOV3cs165xQlBOPH0L2g9xA8MGsHDrameJRcTYICzqSyTx7huCjIA9Xorydndaj0IdJRcZLfi7q3OLVnFm3pmqw3lhDcN5ksgxJCAchx8IADPLly9Faanj6bgpSaQIMX3O4qniJ0YQlNReUuDXB3yWmvJ5F6NkkRZEO5HAZWHeCMg1KjNSV1oymqU5Qk4yVpRdmuTWp0Sq/CIHrNelNLVnqcJTdoJyfUr+o+oVYZU5HSkwqKSunccrYepSlu1IuMuTOttKuMrM+7a9cVY+7a5c9Y+7a5c7Y+7a9c9Y+7a5c9Y/ba9c7Y+7a8esfdtcudPuK8eP22vXPH3FcudP2K8esfcV48fttcPH3FeOn7FePH3FePH7FePH7FePH3FePH7FcPH7FeOn3FePGJxtp/u/hPVbcDL9g0sY7y8OJVHtZMVEx9PfoSXV6sxdJ2khEaQ+2WZfjBW+QkfdrBzLBlDWZnOoOD0QKF9WM/bNOU1kKjoaei3Aa3kjzzR8/WuMj5waaqLMRIuzP70x+KN37rzpCOHenXhttQtrlcsYJY5RtyfgMG7vVT9Ce5OMuTRxq6G3deUDh2HlCZrtv5KTap+vfbWrq7dw8dG5eRfaIqoSMW78pGoPkWdlFAvc8rGVx7BtWqyr3QzfgRS8vs+ccVBcWV9J4s1y51uzF3eMYHlCPAiqkZ7TzOagc8bsjnTWD2pWnXhvy729reU7KlFRdhj4rYkQ/Yrx4+7SF3Hko6seQ+WuXOmXfcTcPWJ23F/F2ndFGe1c49Cbqh1toUKfhSQtU5PgZFz5S+F4l95903MnMdmsRTmDjBZyBUKe3aCWV35F89haoSLPC3F8ev3F3ELX3J7nWN41Zw7OHLBs4AA2kL8tPbP2ksS5K27awmpT3QixVmNn7FePH0ISMgEgdTXrnLn7FeOkVzcW9rby3Nw4jggRpJZDnCooyxOMnkBXJSSV2KhBykorNsVflA4i0Lia0tRpUkjtazOrTSRmNCrKpOAfOPdjl41Q4/GQqWS1Rs9h7Nr0HJ1LJSWl7sAoVMdy8bHPVT7DVbLNGijqQOCCQeo5H1iloSzf4elzZlD+ZuQPUef2yaYqrMUibUUy+O51x7elJixSBsEghhyI5g1JGwsjbcgcfBIzn11EYs/9Bu1pDDn6vHj9Xjx9rx0+1w8fu8HoR0I6ivHjTs+Ib+3wshFxGO5/hD1N/BqLUwkJaZMn0NpVIZPvl1/ObCajo2qw+57lUO78wnA6/Ut0+Q1DdGpSd12otI4qhiI7sreSRha5wXBbwS3djKypGpd7eTzuQ5nY3X5anYbaTk1Ga14lXjtixjFzpu1s7P5GCoWra5nrHQWvXPH0LXLnbHQWuXO2PoWvXPWPoWuXO2OgtcudsfQteuesfQtcudsQSXLLG0iQPIisVZuQAKnB5Hnj04qtr7ThBtWbaNRs/uSxOIipOUIRkk1e7dn1Lj1XK1rHLNtUz9jE7MxVPhbFOQil+WdxB83maz9Se9JvS7ChRpOjSjBvelCMY35u1rv2kI3aXI/ZTMY7Nd8jnOUz9K2B8LJx0+am2SGozjmvC9JsNctuE5j3eYT2q84I15qFIGWV2YcjXiNufU9fnfsP0Fv7vAuhK0AQ9lbKcHAXnl5PEbuRIrx6U+j7y1+fsR1bQJKjNIryrI4L5bLtjmSqHk20ZNcRyct15ZZe+ZLO9vNtaDasS7TPOg2xxq3JQ6jGDy7q7Y5CMo668FxfkKd0mmx6xbT3KhmliZUEoEqjBBjLMfpWXefEV0VHfcGlz4ZeXz6E0ccRue1iUrE4It9rbO2cHDbG7hnxrljspNRs9Vr9b5SjaSxx3eoWCmSX3OTLARhQQ5y4YfUyE8+mKkRxNRR3U8kV9XYuFqVFWnTi5z1vn2LTT0lvcvudzmKNSgbc/NjjvH3Kabb1J8KUYNKKt5Mkfo2Z432iRpCNwSIeAA5/NTsMROMd2LsiBitk4WtVVSrFSayzvbVvQlgIjJ7Q7AygjJ6lfhHv8AEVYYDE+EpvtMt3T7LzpuhT5xtGPnWnnJ45Y5D5hyD0bHLlU+niYTdou5l8TsvEUIKdWG5Fu2dr9hLtp4g2Pu2uXOn7FePWPu2vXPH3FcO2PuK8eP22vHj7iuHT7ivHj9ivHj7ivHj9ivHj7iuHT9ivHj9ivHj7ivHj9ivHj9ivHj7ivHj9ivHj9ivHj9iuHT48SSI0bjKOCrD0Hka41dHjzbJaXFjrVxZlGaW2klt51UE4MbFT06eclD6tDdk4vgyx1RzfaHf3twsiBYV27WaQ4OQT9KMnvpEaiSFRkkXNP0I2uS9yXZgAwVQF5ek5NIlUvwEuVzSS2t1+l3Hxc5pFzhMrBRhQFHgOX2q4cP26vHj6Gz0rx45N4sEgZJAs8ZDRjqQ6nK5A6cxSoNxaa4HbDFvPKfoEY/Glvc3TkZ27RCo9G5+vsFa6rt6jHwbyfvzIqoMDuJPK9xFuNtpkFvYDaC0+DPKM56b8Ipx37agVNt1ZrvVu+kejQXEyo9V1DUrWKe+u5rqRlG9pXZgT3+bnb19FU1avUm++k35xyyWh9XaowoCjwHIUwkdKE7bZ3HpBHqI/g5pR4KPJreCLidIs/lmGWIenAEv+66uNhztXtzTGay70aWqXvuDTbq+7Izi1ieYxKQpYRqWIBPIchWuqT3Yt8hmhS6Sahe287dorD5XOIdQvOwtre30+BgdpUGaXkPjPhR7Fqhr7SqNd7l6TY4fucoR8Nyn6F6Dltc1iWZJ7m8nuGiYSBWcgEqQcbRhe6q54qo2m5N2LaOzqEYuMIRjdW0+Ub6lWAZTlWGVI7wehrYp3Bo01qR3dqtxZzwyELDKjRu7clAYYOT7aTO1mmKpycZJrVM896bBcRQ3KSRsgV1OWHLIyrAH21kKmoU4O+ZTuhsv93cxB+UYNdWcTvEzbnUoA7GNWcE5DHzRz9dLjHI64M7seI1so5DI6ws5BCbSxIHeK9Ki5aI4qtGPhSJ5tfkeeKJ98hlDFGYgAADPQeNcWHdriJbRpx8GNz5JcSSgBsADoF9PppcaaREq46pPkjoSyyYQu8mOQXJbkPQKWopEVzlLVtn/9Fu1pDDn6vHj9Xjp9FePH2uHj9Xjx+OBzJwPTyrx4he7tV5Fw3oUbqWoSESqRWrJoOJruCMxRgzQMCrRTHKlSMEDvFNzwUZZvJ80PU9pzgrLvo8mY4WptyrsdBa9c7Y+ha5c7Y+ha5c7Y6C1656x9wB1OPXypLdjyzdlmzgzwjkCWPTCjPWotTHUoayXrLfDbCxtfwKUrc5d6vScXFzLA+x4CjeLnA6Z7s+NQqm14rwYt+gv8H3EV6ivUqQivrbyfyIz5+Io7PUPcl4gEbgNFcx52DPc4bmPXTUNseNHsJuI7g5NJ0an2W+s/Kt31E0t/MzywsR2Jj7RZIsGQw/TLH3OWbPKqzEVekm5Wtc1+ytnfBsPCDlvSi7cle91flZHcCtekach9zMsau7EFxEqkMfN5Mkpb4eOVMk2X0v6Z4Wfb88baHbaOGkSznZ5VxuwrqmRgNln7+Yz5xr2Yl1rpyXv5jqaKzWxEaBvdCgAIMrIX5HDoTzVV5A147CUt+78H0W6n1kdg10L5rNDK0HZr2rxKXjOcsRyxy85Qa8dqOLi5O175XLEM+oy2yqVitZCrbkJBSIE7veiCSMj4XPu9NcuIcIqV85fL5fkJG0mSO3gmebbLakzqqgIRkjHM53g46eFdsJ6ZSk1bJ5e/IztX08RWUF3FGV7KQPOwbd5jHZ5y/S825eqvWHqVa8rNkl2k0UDTPEFeVUSeRWO0KvwEZCPNfKZJrx2luuVk9L2+e/Ik0/h5bnU1keSe3McGGCqqs6v3DPUZP2q6kNYjE7scrPP1GvFpNsskkbBZRGu0SsxK7jjaFz0YnAxXbEWVZ2T0uVoLwxosLZW5iZobgAZ2yRsUfHj54O30V4d3N5b3DgcXN1dbI0gjQyo6gpkkDdlSATg8s8z314VGmtWzq3a6QqJYwu1svk7iVc4zlRjvB9QqThKm7UXYU3dBhlWwk7axW8vuvsuvKzQC1oLgrKmr6zo2iwe6NYv7fTofjXMix59Sk7j7BTc60Y6scpUZ1HaCcvIL7WfL/wha3fuDRbS7129b4HYoYoO/6dgXI5dyVX1dqQim1mXmH7nK85JTtC/nfYvnMC38rnlETXtMuNe02DSOHrm6WF7aNN8hjYbWZ3YtJ5obtAMDdtIqvhtjeqKz73iW9TuYhChJ2k6lu9fk6uvQcF5rWm2isXk3leqxjPT0nAq/dRGRp4SpLhZdZi2PHdndXUo7ErYxjAnQNK7SZ5rgYUBR1NQK+1aNKW7J99ytctqXc7iqsFKCunzaivTmb+nalaahE0tqWKI2xt67TnAPT1GpOExkK8d6Gl7Fdjtn1cLNQqpKTV8nfIt4qSQz7ivHj9ivHj7ivHj9ivHj9iuHT7ivHj9ivHj9ivHj9ivHj6Bk4HM+A5148sz9ivHj9ivHj9ivHjG4h4w4d4fj3aldhZyMpZxe+Tt6ox0HpbAqJicbTo+E8+XEXCm5aCq4n8sHEWo74NIX8CLM8t6kPdMPTJ8FPrR7az+J2xUnlDvV6SVCglrmC3D1xI13ciR2eSUdo7sSzMQ3NmJ5k+dVLWbebHZG7vpgQft9ePH3fXjx+3148fd9ePFe/DPYzqjFXKNtKnByBkcxSo6nVqYnDcm1rmL421/tgn7VPVRcjcDUyIBm5uO3vZn7mJ2+och8wqQlZDlsjb0KbdY7D1idlHqPnfbY0zNZiGaIaknCpeRyvKjRoWyNpI7sHIz8prqOlnRpr7TdTtdRjCdpayCQIzHDDoykr03KSvtp7D13SmprVHGrqwwOG+MtS1rXV07UhCLG9imiFvEm3DbC/NySx97Rh7avsBtSpXrbk0t1pjMobqutUKaKKWx1VYJj75bzGGU+lWKMajVI2ugk05qSUlo8+0KY6iDo3uH5+30KxmJ5diiFjyyUGw8z3+bWuwlROlF9QNdoU9zETj9c/TmLTyvC4g4k0yYyye5ZIgexLt2e5JCH8zO34JXuqt2onvdTRpO5tro5ZLeUteOn2zHvpdlsdxxuIUZ5en7lUkTTIXOqa9qUly67khEbFFMY54U9dxzVlToxsVtXEzu1oZJ7advppWPhlvtU8kkR3KU9W2bF3pmo3SxzmLYpAGZCF7s9OvjTMasVlccjhpvhY2uHeHzNA/ui585GxhFycEcube2mKtezyQ/DB82EcGg6XHjMRlP8mMT8wwKYdaTH44aC4XNGJIYBtjRYvQoCn5udNttjyilof/0mc+qj8ziz6WP3BWrVB8WD54lcERHULsnIZVHgAPu0tUYjbryJY9SfpKgPpXkfkNIdHkORxHNE/4IW2M+cT4bedN9FId6aJG+on8zjx6WP8AApao82IeI5Iia7um+n2j6kYpSpxG3WkyIgscsS3r5/bpayG229T6Fr1z1joLXLnbH0LXLnbHQWvXPWPoWuXO2O44ZJZFRMAHJZyCQqgZJwKh4zEypR3kr5ltsfZsMXVcJScMr5avNZZnL28qXKQu+/tOaBCFyCSOZ7ulUlTaVaXG3kN5hu5XAwjvOMp28Zv1KyJAlhHEySpmbqUP5IxJIQRn6YHryqHOcpeE2y8oYWNK3RRjCPUrLruRQh4bfezGN4mMjAjciEDCrInUFj0NJSsS5tSlbVPLy+R9RTkv45Ws2nBRGcpa25PmSyDG/wA/l2fdy8a5cd6Pd3kteL5LhlxMzXrW91qS2Fjby3UsRYvKyhHO/G7cTgFV2Daa88xylu0k95pe/vc+6PoNzEy+6WjAQZhiZ22K3XdlcEc+fKuHalfJ24lrRNJ1KS6e7tpRF2Mhj2OS7uwOCM4Gefnc/bXUmJxGJhuqMl8yNiOCRlnLl2bHv7Ko5nd9MOfzV4iyay9BLd2tmgSWIBp5TtEud+8LyLMxyV7uvdXmhNKcnk9F6CaSVbT4fnLyiYYCOMZJ2Y80r3E13QRGO/p5erz9ZXN7ZrPLJNOq3DukTRiNm7MyNtCOoHJmxjI6HnSJzjBOUmopc8jlSW7GKt3vr9hnnWEa+udPMKi4hxcQaPNKiPLAWRGuEGS/ZqGIGR8Ibaram2sNBKV3KF7b0YtxT63z6uRzp433U/pnPq5lTiHjbh86abBLyP3yNe1Me6RyVTzEJUZYKx6nr8tW3SRlFbryFYTDPf6SWfLzv0eThn1H6zvbm+t4pWU3jqQU2EB/OG4zSE8pFQDp6qST5xjDTvU+zyLk3zPq8U2n4IxWaXUSSGRuUb5MkjcgyqM7B05V0Q8PG19X6ly6wh93vCWKSKQxHYR7NrhRnJnUjDE580+2u3Iao72q8v8AteXWY5uo7O9vlmJE+UnjOfN2umwfIyMWz6K4SoxckreCULnjDTFjcwTrczyY2i2DO24DlkYCqB0Az6a6KjQbdmnZe/v2Gs9xdhQF5PcDzGZeYbbzyR1PPl4CvJ2GpUYTTUvB+T39JX48vdRg4C1u+0ret4mnzSwOh2yRgxktIpHRkTLDHeK0FWd6TkuQH6FBRxCpz+pnZ+Z29YguD+DrTV7M6jxJBc30kpWW1lupWKyxuu7d1LsPWaxGJxU97J58Qp4TCQ6OzXe8OCD6zt7OxiENjBHaxAYCxKF5dOZHM+01Bk29cywilHJZGhpmn6hqkk8enQe65LVO2uVQoTGmGwzAnIztYDHOlQozloriJ14QtvO1wU4l41v1vY9I7R/MEXbux6wuwTKkY5nvrRy2nbDw3fuSSzfK2Xa7eYz2H2Ep4ipKf3HB3Ued88+pX85u6AQEliHcFcD0fBPzkVnqhoQ24NmZLy4t2+DMgdc+MZxy9Yfn6qve56tacoc1fsMf3YYe8IVfFbi/PmvU+0LsVqjCH7FePH0KScDma8eBzibygcLcOFor267a/AyNPtsSz+jcAdsY9LkVDxGPp0tXnyLDB7Lr4jwI974zyXv5AYg8uuhuPfdGvY/HEkDD+ZLUBbcp8U/fzlrLuWr8Jw9PzG/wh5TOGOK76ew00zR3tvF27wzoq7owwVijKzBtrMufWKnYXHQrO0b+crcdsmthkpTs08smFmKmlYfsV48UdS1WOyZU2F5GAbnyULnrT1Ki5jc6iibUy6ZZ25uLlsRLjLNk5J6AAd5qDFzm7LUs3TpQW9LQzb/Tdeu53mg1yPS9FkVGiSNFSbaUG7dIcDm2SOfSnqdSnFWcN+p6Dkqc5O8Z7kOrU4OscL26R2i6oLy88yJWTLlm5DLbRtG710pUqzz3d2IxPoUrKV5FrlXBk/V48Jnyz6aIeIrW+RQFvLYLIR3yQsQSfrHQeysttynaqpc16iXQeVhdOKpkPk2lSdnqMR7myp+uBA+euTWR6WgR76YGz9vrx4/b68ePrOFGXIVfFjgfPXjxUTV7GWcW1s7XlyxwLe0Rp5Mnl8FAadhQnN2SbO7rCjTOAuNNSAZtPTS4G6yahIA+P2hFvf5SKsqOxa09bREOcVxAWK0m0viO506chpYJJrSVwMKWhYjcue5jHy9BqHiKe63HxWPN3VzSu7jsbWWTvVTt/THkPnqPFXYlIGI2w61JY4zb0KXDzx95AceoHB/mQpiYiRrh6bEn0PXjx1vrx4uaTqkemalbahLu7K2kWSXYMtsB8/A7/NzUnB1ejrRlyZ1Qc3urV5FPiK1tr3Ur7VrWUR21zI09vC4xId/nYIB5czVpWrKU21o2b3BUJwpRhLOSVsiUarZoilmYsQPNUc84zURomum0rytFdbsdNq98y5it5WhjG5C7NtUDzvNXIGc5NJdZLLeK6pj8FBu84tvXdV+1mn5Vdf0viKx05tKnZryz7RpzsZECSopcKzDmQ0a9KusZi6dS1tUQtibJxGHlPpFaD688vtgFc3iywRSSS7mbbnJ3fCHOq+MHfQv6uIppLNXIPwOshI0hhVnYklm58z6OlO77ta5EdKLd7ZkuAowoCjwAx9qki0X18/TAT+Znn7Dj7Rpv6oXwLXDzETyrg7XUHOOWVPj9dSapyJffU7W4ZrKCRu3kDIHwQoODk7qQoNZnbnWlaTJZSvNJP2ruu0gA4656sc12U7nLH//TYQWtlcGtj6FrlztjoLXrnrH0LXLnbHQWuXO2PoWuXO2OgteuesfQtcudsdBa5c7Y+ha9c7Y6C1y56x9C1y52xFeO8UDSRttkj89R3kA5Ix35GahY+N6T99C77m625jqbtvJvdds/Cyu+Vm7+YhS5u2uBtiMjzQlpbrB5uxx2DodoXkvwhz6GsxcLzhG1uCen4df5PKSxabqE85mkESbR2cVrlmA5YAjbljbnPWu2EyrQjHdV+t/P5Ti20mJoOzmeab3PyaToTvbn2uObczyriQqVdp5WV/fLkXLiz06KGP3NGgLckKDKkDkztnJXPKutIZhUm29736usllkFsCz5cDETKwAbzeZMbDkQOld0ExW/ksuP2yNbiMXE0skm2ZQvaHbkwK3IdopGGJA6jvrx1xbiktPwryGfaakqatdW8Dxw29wY3RWPmKxAiZufMZ2hvbXLj0qPepyu2u3nYt2upoUPYwSGRJG2RE5kDgDz94AV485x6a9cROlfwmtPN5Opla0ufdFrJLE80KF8z3MS7uQypidOXJn61xDtSGaWT5J+teQq6hd3D2s80RTMIZoLeRm2gHnhR1xXh6EFHLi+Pzi817yh63AjJrGnJe2rOnui3tVdLh/fFZHEsZ3yYKKNucEcjUfEYOOI3VKW5uu98uTX1WXErNq0+jouUVd5ZNvd9AaeU2z4uvtN0u54XSKGeSRXvriaaO1kW2GJAhkkwdjN5rL6axOx6mFpupDEK6t3uTlZ5rJLK/X1FXXVRuMqba5rn5fIAnEdgi8SXXMpHJ2nZ7cYcLK0jSfLcbB+lrQbAq3o28nqt8l/OXeBeckcx2Y2iJmkZEGEjd2wAeZwucVfE5yCLgjS1k1ZXwqRQhn85fMOOXn4+CMHOa6huvPdj7+gP5dQgvDbiT3tWkCrGeckrnAMcLdDtBHJq7cixpOne3LzLrl5Shqk+mvqVrMxAHZyxSyRgqp3AMqsvd2aK2cdTXmO0oVFFr1+/ECTdWVlfQy3OBbRSHsQCHyqHKgkZGeXq61IoUHU0aGdqbVjhId8pNy4rKN/Ka0fG2lO7s9ySikhQqkkA8yik5OOfU86nQ2euOZksR3R1ZK0IqC7W+vl2ZEU/lEsFQRTTtiQlI0fe2/OcjuDEjqKmKCikrmfklOTnu3lq3b0g3wNp+lWcsOjandSRaRaysou4+bpbTbpYc7g3IE7enID0VjNoYaNPENSdov3+2b3Z2KlUwqlBXkuD9+w6uwbTV9Sdb5LjQxKfwNkdTG4h3HbvyB52CFJPXGe+oVRQvaBY0nO152TPmg3sFpqN5qOi3MtteXKdjdzQsU3RttO0DwYoCT1zXOkqRVk7HnSpzd2rgtx/p6pdWmq52RyI9lcydw3AvESfQd3zV6lK6a85JpNKd3o1Y1OGLzWuIL6Ow0OGT3TsU3lwMpHGpxuaSQjkmegHM1Kw+FlVlaK9hX7RxNLC09+pKy4JLOT5L3sh08NcKWmiQljK95qEgxPeykkn6mNSTsT0dT31rMFgIUFlnLmDPae16uLln3sFpH5XzfujcCknA5k91T7lUDHFPlH4V4cLw3Vz7q1FRy061xJLn6s52R/XGoWIx9Olq8+RZYLZVfEZxVo+M9Pb5hTcTeVjirXVkt7VhpGnH4UVsx7Zl/k24OCPSEwKoMTtWpPKPer0mswWwKNLOX0yXXp2fOAMuo2kGRF79ITklfg58WY82NVlmy7ukULi8uLjlI2E7o15L8nf7a6lY9c0OE+Ibjh3iKw1iBS/uSQNLEDjtIWG2VM+LIxA8DUnC1+iqKRExuFVelKD46eXgeura5t7q2hurZxLb3CLLBKOjI4DKw9YOa2cZXV0DSUXFtPVHbKxRgp2sQQreB7jXUJFfecZWkeoXUU5MwUDsWTLSSyfTqc+B5eyruNHJWILTeuod6ZxNpGq6LFb6jKLCI28ZllmdVbtIyoZQDzyrDB5VVVMNOnPeh3zu8kWUK8Kkdyfe2WvkMnjPXeGL7RYNNsblrqW2kRon2MU2qrIcuwXubwqRgqFaNRzkrXG8VWpSpqEXewP6Pppud1w15FZRW5DdpKGclhz5Kv3SKm1qlsrOVyHTinq7WDu7494QeBHW4ZmGSIbaMyMO7azck7vGqengK6ennbLOriqMkuHUkSaRrFpq0D3FrHJFGjmPbKVLZABz5vLnmu1aMqbtJ3GFOMs46dYFeWnT+00GyvlGWtrns39CTIfOP18aj21n9uU701Lk/WSKDzEy4rMkoiV2ikWZR+RsHBPIZU56mus6bcWqWdxKYbAy6hJnCx2cTzsfAHYMD20inh6k9Isb3Wc8Qz8Q6FDbS6hodxZJeFltmuyqlimN3mISw+EOtSXs6cVeWRMwWC6dtKSVgVuOKddnxsdYFI3YiXGQOoBPPPMV2OHgusu6exaMfCvL0Dg8kfBPB+u8OjVNXtDqupRzvFMbmWR4uWHQrFkKPMcVfbOwlKcN62ZRbWh0NbdhlGyY2LDTtO06LsdOtILKLGNlvGkQx4HaAT7auIUox0RUuTepYpYk8++VG0Gn8f3M2NqTtDcZ9DIAx/dlashtWnatLrzJ1J3iY+sbvcMndtIz8uKqqeoqOoPBqkDprabLtvYyOjgj5RmmZLIbehuBqZEH3tFzjPPwHM/IK8eJVjnb4MbegnzR89ePEnuKR1KyMqqwIIGScHl6BXrnj9DpNnGF3bpSoxlzy+QYpyWIm+Ja1tuYup9Xur61WLcccMf5Gip6gM/LTTbepVzk5u8m5eV3Oy2etcOAbdSXKu0KBpGDFNoBbkOR6VoKO64p9RrY4ipVgndu6OLDh68m009o6QhCQVOWYbTnGB0rs66T5kmGDk1nkSkMDt6kdSaQTzgg+PyV04T6bOEvoYy25GcKYycglvNHL10iayOoNItJ1me3Z7eymZAOTbCijuHNttMKDfA66kVqylZ8EawupRSzywWyiRS2WMhCk8/gjwPjUuNGTiMSxEb5DAj4K0S156hqDSMOqIVjHzbmqNN0qfhzSE9NOXgo//1GMFrYXBvY6C1y52x9C1656x0Frlztj6FrlztjoLXLnbH0LXrnrH0LXLnbHQWuXO2PoWvXO2OgtcuesdmyHuPtpJiHALMQfMPPCry6E+ms5iMXWUmt61nwCTsrY+BlCE1T3t5J9827O2fVk+o+28EcSpM0as6AzbOYkCAcnDHl1xUJtvN5mjjCMbxglFaZJW8lkfp5YLiZZSwMKkiR8e+SNjd+R53FRjqO6uDkU4q3H0LznEt0I50t4pETteUgLB4lZz1Q9xxXhUad47zTy7SO2vSYy0FtIDG7dmpOZFbAHaFwArJzOK8j0qd33zXyeS3M+G01AWpdT2DStuaZG3ZUZykij6ViRyr1hTqQcra24fKiVLKOd4zNKwiJYrDzRFAOSiE5r1hLqOKdlnz+c6ksYVvgka7pCN0ocb3UKPps/CwoFetmcjU7y79/mKSJa2mtTSydnsvolkhn2gqNhKNuBGQSu2vWF99OFl9TqiaNIzcGQRhI5Bi1hLlRJ3ZVuoHfzrljspPdte7WvUUtPvPct7dWFsjTbZC9rIAA+6UAncOYZVdW5d9eHZ0t6O9J258iW2urCO1OHW6hdm3EKTHOyY97x8NNp+5Xkz04TnLxX6Y9fJ/bAK9NxY3Qkglkhmhdo0mQ4cAjkR+mApmvQhVi4TV4sk1Ib6swT1XSeJ9S1QPLqpbT2Id5HYl43TmFVQRknPPn6+lQqey6MMkivlgZb2T730lvQOGjp43SXc186lkhaRsLHCxDnKHIPnLnOam06MYttLNkmjg1Su75++QTStwxZsnuu6E+w5eGNslj34CZIz66dH1o7PM4fjXSbONk0q1mdpdxkmlKxnB6RZBZmRccs868NpO+dvfj5Qo4du5L/QF1AypCX7TdEcSRx7WKEknmjttG0+muobqTTmla/r9qKXElibjheeTCbox7pYEkN2SMNznuKgZPKvDjqpTs9NOq4DJZxMwhjiDOTlVRct4YAHOnFJrRjtSlCaW+lJJ3z58wy4T4J0jU4JjqME0FxE6n3pxHvjdcLu5NzUo1Wez55NIH3dlv060JLwZRsurdef4UhScYoicUTLYwydhZagIraNmaU7Yjt5sRy7Q5PtqixG0JPE70n3sHp5Hn2l3g9lr4BGKznVs2+uUcvNG/yhDa3cK63HB2nnzWpUqeQ95clS2fqWwvtru2qtKq1KnJT52GtiYbEUIuNaEqd9N7Ly9h81TibhW3R4LzU', 1, 1, '2026-05-24 09:35:31', NULL);
INSERT INTO `posts` (`id`, `title`, `content`, `user_id`, `category_id`, `created_at`, `post_img`) VALUES
(19, '有人要來玩apex嗎?', '<img src=\"data:image/jpeg;base64,/9j/4AAQSkZJRgABAQAAAQABAAD/2wCEAAkGBxISEhUTExIVFhUVGBgXGBgXGBUXFxgYGBgdGBcXGBcYHSggGholHRcXITEhJSkrLi4uFx8zODMtNygtLisBCgoKDg0OGxAQGi0lHyUtLS0tLS0tLS0tLS0tLS0tLS0tLS0tLS0tLS0tLS0tLS0tLS0tLS0tLS0tLS0tLS0tLf/AABEIAKoBKQMBEQACEQEDEQH/xAAcAAABBQEBAQAAAAAAAAAAAAADAQIEBQYHAAj/xABKEAACAQIEAwQGBQgHCAIDAAABAhEAAwQSITEFQVETImFxBjKBkaGxByNCwfAUM2JzgpKy0TRDUlNys+EVFzWiwtLT8WOjFiQl/8QAGgEAAgMBAQAAAAAAAAAAAAAAAgMBBAUABv/EADcRAAIBAgQDBQgBBAIDAQAAAAABAgMRBBIhMQVBUSIycYGxEzNhkaHB0fAUI0Lh8RU0JFJyYv/aAAwDAQACEQMRAD8A53Fbh6gWKlE2FApgNh4WpGJBlWpsNSEuDSgZLWgpFGkE0MjU1HUXbVnooWEkOFSSkKBUnW1EIrkTJaDEH49tchMVqGihe5ZSHXFpoE0Durr7KTPchrUUWSdgarurBPVkuDGOsVKlF7MGUWhc0DcgeFTLY57M9b299dcOOxE4rjAkRBbp084OmlV8TVyqyepn8RxSpQywfa9D3o7xe6l20QQAgKqWUv6x0yzMFSSwiP5Z99Mr258rmJRxEo2i+702+pe3MEWvOFznUGXEMcxHejxJmtCFZQpZnby9D1GHn2U3by2LFsfg7AClgXG4WGM8xqdaoynOfffyZVrcRhB2v8jKcR4ybl5iB3ZgDSMo0XxBgCabDESjpujNXFKsZu2sen+d/ncdheKIpBud3KVkakETrGnnpViOJi077mjS4pSlB5uy7ftv3wuXHErXZ/V7hz2iHnEQQfetTTq55rwLNOtmqZfhf66/Yr+dWLlnmCu7VEnoKnsCsrrtOm1JkyvYfprA8t+lQhkVuNZZokS1fcE61wqSQJhUMW0LZslgcomNahERg5LRAzaI1IMTExpPSiE5HvYQ1JzPRXHE2rBZQqiiiEkPAowkggWiDSCgVIxIbeGlBImS0FIo0E0DjU13MVzZ6KBolCiuJQ4USJ2dxCKhES2GJ+PfUCo7hhQN6llCuaa2DILhcG118ogQJJOwH3nwqrXqqGrK2KxEaCzS8kGu4hrcJkck7TlkjbQDMOXU1juCbuyhPispO6gref8AgFjL+ZcrKynQyw/0+6joWpzzcgo8Ti+9H5O/qQG1BjpV/wBrFrQuwrQqReRj7RIAPu9hqcyd0OSvGxX8ctFrhuEEtcaW/wAXWOVUq9KMLZdjz/EsLGjJOGz9V+QllbVlhF0MBI21BOhaTyiR5E0EHBSTeqK1CVKnUUpapcv30JX+2+yLlZZjIJ33E+t5x7j4U+vWT7MTQxnEYvsUduv4M3dxLMZPy6bR4CqpjhbLjnvy3rjiXxG03MakiTpBB1aI5iQPfQt2HZcyT+ZL4e1w+uZVBkSd8oMx5CY/9CreFi283ka/C6cnJ1JbLsr1Jparhst2As4I8KiTshEqkbagh7fl8KWxa1C2hvXIbDmOC/g/zqbh2RHepESQJqFi5I9bIAMzPKDHtn7qhARslqCmiQkNZtqdWMDwIzTy06VIyMY7yen1ATUCrk2rRbQ9aKISHijDCCiGJBlqQ0hl7agZ0thWo0SwZ3P45VPUU92eFCzkeoQkOAokceIqES1oDT8e+oFR3C0HMsI9c/HvqWyJoPhS8wrMs6HKSJ8432PvrPxXfRk8Ug3KL5aotOC2yjvmzS0AmAWKkHMFYzBIET5UinS9pUUDOoYb21aNN7MjX+yS4fqVUciuYHyzAzVys6MYK1O/nqeg/gYeUVH2a8eZa4ThGFxaNkJS4ASJgbD1ere3MfCqjpp93Tx/JmYnh06Urw8tfv8AqKBEIDWiO8CQBqCT0A5P+jsRtSZqcZ5uew3CY3LL2dfTlf8AP5KnimGLLAO+x+YNW60M8VYPieFdSPZequ18f3kVuGwIuMjx3d3A30BYqfOInxqktzzSV9izxOLS4kEd6QFjQRsBHJSTJO9S2EVy4Rc+UGdDJ8Zj7m9kVGxKjd2G28JmAjmAfeN/fpUOSW4caTlsScGvduIwJYABR4yY/Z7xPt86Fxuw6cnFONtS1y/j51rQgoLKj1lOlGlHJFaCONKLmFNdkiOumv8AOolsUpJZdRyGRqZjQacqW2HT1juEt7GoQ6GzEepRIJhXNi2CYiPGgbFStYFOlQmI5DUidTAo0wFa+oUMgGsknppHhrv/AKVNw7wS11+lgM1FxWpYRV0uaDlFSg42GYhyAIPPworisRJxisrBi+3X5VNxCr1OpIW83X5V1ywqs7bkm9tUNl6a0Famo5gzufZUc2Ke7PKKhnLcWKEJCM8VOyIlPKxnbeFCmL9tfketn8e2pOg7hwKC2paSPXF/HtqWjpRfQfYulG26H41QxdNtqS5AVcOqydOXP6PkXGIxgyi4sSBy6TrI3jby+de7pz13R52WahU7Ss0ReLYyzcthwIc6HYbanc+IqzenfOn5Gt/Phkun5FRY4uNACdOmu+kSNJqP5EdfiLjxSi73v6+hq7PZ4lQzZe1UQSDqw0jNtO8jWRBGk0upJThe+q+qKuNlRqxc6b1i/mgfHuDfVJik2DlLo6Ov29tmG5GknxqKU/7fkMwOKz/0ZeMfDp+/gzi8H7PFdkD3b7oFjWEJDuY8AI/eqq3zXS5lVMK6U3F7N6eG/wBNi4xH0cYgd5MrDMdAdQCRB15DvUp1b7AqhZ6syl7A3bAR7iMpbaRBgEg/Ek0LldD401GV+lv8jsVhWs3mttoUMewj5Qxoc10NpwSen719WT/RtC993I0yEk8ucfAfDwpsHoIlG9dW5/ktW4M8aEH2RVtcQpvdM9Q6quV9+0VkEREj3GrkHdXJl3bkW4BGx1HxoWpWu3/opT7oy2kdfh91DdPYKkuyEQb1GvIfHYY5rrkjQoO9dfUC19yM6/CltiJJ2uAnSouI5CKCdgaJMWk3sNJqbgNo9Ndcm5a1olxDprg4gcTsPOpQnFd1eJHmpKqJC7VxYWxOvbVzNKWwppiCYzma7mxfNiULOFFQiUBxR2qZFfEOyQO1rQxQuGoeyN/xzokPpIlJvQ31L0B7ijkhkkDfeq8+8Q9x6NHiOYOx86CpTjNWYjE4WnXjlmvB80D4xhUW3ayxDBpE82M9Z0GmvSs2Ss7Hj6tP2dSVN8m0UeFsqhLTtyB1jw6+VLa6CMltUG4Hj4eQmgljq2onQED7MkH2RXbnLXQ39niwbA3bZY6AkiAFJcjL1GaQDsCNYMU2CvJIvYb30LLmv8lTwO6FvdsyNc7K3IUDMR3spaCROUKTvs59qK0+07dR+LTnUzeP4Op8H4hbvJmSRGjIwKuh6EHWOh2I1FVrWKykmN4vw61fTJcQMBtpUM5PUy3pN6OW3U3GSGgAHwUADTyA91A7rUsU2noY/gODYJiFVlWWy53bKqqGMkmCZIMaDnTo1VBqQGSea8d1t8yBaxmNa6bNvtLjKzIVSbmqnKSCFGmm+nsqxkjLWwqOKrqV7/c0mG9GMQ6guhLx3wNcrc5YSPia19oRuraeB6H+TF0Yudk7L4ajsX6LHL9hf2l+OtLipSe4h1IVI2i7lQ/CQg9dfZMf60ucoqVm0WKFPskW5hSPtqZ8YqYxTXZY7K1uRr1ojl7RqKiUWkQyKxoBMgLN12O9AxUpdQTDSfH8a0IlpWugeYjbxokJu1qgXOpEcx9cMLatQui1AcQGK9Uedciviu4vEBXMrIMtShpYXtqlmtLYcaYExnM1HNgc2eoWcKtSiSPjOXtqZMqYnZDLB1oULpPUk2ef451MS3SDjeg/uLcQlw7fjnTZLUOUnoBunveykSXaAcnmCL47UM01F2JlOyu9gF26b10hEZlQ6BYnpJJ0nT51hqWWKTPF1q3tqsqiW7C43h7qvfw95RuCQpHyqfaIDtNd0hcMfDAkq+d2DAgrAUgHLrmOYHUHaiWrS+IeGUKlRQlfXoSb193KrplGygKijxgQCdd99a0PZxptWPQ0cLToyTitevMuPRm3dsYy00/V3QCCIkE6kQRHh5E86zqy776P7lPEYeSnNrbf62t9bnSzgkDq6qFMnRSRKkd7Q6AaD3Cqdym78yvFi/iGLJiXt25hVGQTEjVspPjvXRZE4Iq8TwS8t0K2Me5ngC2Wzkf2nLwIHPLGnWom1sHSWVN8jKYvGDC37qWwWOa4LYkGRcIyluUgqfHvL1oowUrXInVlCF1+8/uXX0UgflX1Tllg52eRmWCdgNORjr76twlzKUU0nfcJ9JXGTcxC2rYBC6BCAQxJiI5a8+o6AUcpMOTcLLmyj4hjbdhjbCdow3OeFB3yjukmNNZ305UQ1zs7EUcanRbTjwW592SglGMt0csRJbX+YK8S4LMrg8s0T8hTqFLLHs6I3MDUnVptyW31IDadRTW+hbYx266/Oov1FsC6dNfnQsU4voRyp6UFxLi7bAyh6VKYlwl0GrmB0muuhcVOL0uLl8Km6JyvoWlapaQtcw0Axew86hCMV3V4gBQldBVo0FcucJh+0uW7f9t1TT9JgNPfUVHaLZrVpZacpdEdg/3TYL+9xP79r/x1nfz6nRfvmef/AOYr9I/J/k5p6bcDTBYt7FssUARlLkFu8uskADeeVXqFV1Y5ma+CxEq9PPLcX0H4AuOxa2XLBMrOxQgNAECCQR6xXlQ4ir7ON0TjcQ6FPOtzpI+iXBf3uJ/ftf8AjqksbUXJfvmY/wDzFfpH5P8AJU8U+ii1cS5+T3rgdDCdoUZWhQSCVUEakieUbGj/AJstMyRM+KTllzpeX+zkhtlWKsIZSQQdwRoRWhBpq5pU2m0ztPD/AKJsJ2aF7uIDlVLgNbADQC0A25iZrNeOmm7JGX/y1WLeVK3n+SV/uowX97if37X/AI6j+dUvey/fMP8A5uv0j8n+Tm3pbw23h8U9m0zMi5YLEEmQCdQADrI25VrUKjqU1KW/+TfwlWdajGpNWb/Js+BfRtYv4azfuPe7R1zlUa2BDSVy5kMHKRufdyzq2LkqjSS0MjFcWqU68oRSstNb/kxnCuBm9jUwjEj60oxGjAISWInYwpqzVkvYuXwNTFVIvCSm1dOPr/srfRLBXcDxO/h8QsOgkaaMFaFdf0SrSPLwrBqLS55LDvWz5nWuOYvDrhjcxDqlsDc9eigasfASaUlcdmyas43i8RgmuC8tq9bIYENkTJdUGSWt58wJjRwNZ1HOmpSSsB7SCmp7WaLJvyXEaWWXMNdAw9+YCrUa9XMnc3KOMpymlmuDw2NK3bAY9xcrdTEmQPZPvq7Xoxlf4ovV6Wa6W7X15fU3WM9IUw93LsxtyrujNZYHcB0khhvqOY6isHJLkYDlF2uG4VjU7Aul23cE+tbMqCAAR58+W+1A046MZdT1RnvSPifYWncuRdcELG6g7t4GNvGKmnHNIHEVFCFkc+woc3Ey5EzBSIYjKAIXrBgVcyZihQlJO3Jmn4Fjr9hmZAFbVXAVVO2s5Rz+NMjFrcseRGRLgvNispuDYeqFts3dBJJAKjaRsDrEVLVncVJSUs+5W2rDXHKzLSZIMz+lI6k0Oa+wvPm0R0r0C9GuzCsy5810ymVTmXswN22AJncDSjpycW3ces1JXTs7fc2PFvQvDuCUUKfA6e6rNPFS2lqOo8SqQ72pz3jvoUymUg+VNdPNrE0qPEaVR2Ts/iZe/wABvLP1Z+FC6FToXk77Mr7vDL4/q29kfdS5UpLkRLMQrisBDKQfERSrdRWaVrAgCefyqbIDt31YuaPP2CP51DROZxXx/fEB3qmyEf1CzitcfYWoDSAYpdB51HIRiU3FeILsz0oRXs5BAKNEONjV+h1jPjsKv/yof3Tm+6l4h2pyL2Nllw838D6CuYiLiJ/bDn93L/3VipaXPIqN4t9Djn0yIPy5SOdlAfMM33FfhWngX2H4nouD+5fiQfotxj2+I2lUgC6GRtASVCl4BO3eVdulHi4p02+g3ilNSw7b5Wf2Oq/SBxW7hcG16y2VwyAEgHQsAdDpWdh4Kc1FmFgKMatZQntqTfRK+1zB2LjmWuIHY9Wc5m05ak0NVWm0hWKio1pRWydvkfPXHtMdiT0xF46iR+cbcVr0e4vA9DhoXpx8PsfQXo5mu4XD3S7B7lq27RESyAmFIIAk7CKyKnZm18Tz1a0ako22bOVcS9PuIC5dti+AFdlEJbBgMRvHhWhSwtOVnY9NR4XhXFSceSe7M7xbGNeudo7FmOWSQAdIHLStCEFBWRp06UacFGKsrnZ/o34s2IwYzxmtMbegAGVQCkAfokD2Vi4ymoVNOep5Li2HVHEO2z1/P1K/hvBcvG792O6LQujwa5CH5XKOdW+GUfj6DquJvw6EOd7eS1+6A/SuLSjD3DbU3gzZW2fswpDqDzBzrodPbSKVJVFK/QrYDC+2zvmlp48vnZo4/wAA4v8AlN4jGMWE6AyVUbAKvhyAGviTVfLbRFLO5u7E4xh7edogidJ0aORyg6fGjUOoxUurM/esshzo0FTMjkP5VLVgJQtsWeCxrORJGZQNV2IJkEfKr2Hquekt0eh4Xi5VuzPVx59Ua/hXppglQWMSoYrpmO3gCR0EDXSqGLheq3H9fMo4urTVeaT0v4+P1Kr0m9M+xfsrNogbjNAAHgvWQRrERtVZUm9WVnilHSKMzxfGYnFRcvKQijuqNAT4k678z00p8IJbFaU5VHqOwTXdIsWgTsYur/zbUZN2uRZ4TGKHXtM1m5oMl0lrF2Nh2g1U+cjXlU3JjO2t/wAFnx3HteYFrfZKqjKgIKgHmCNGkg6jeDRXuOz5iiTG3Ld0diJJ1IUT5HwGp8KCWmorI3JZUdb9EPSZLdsG6QMqleeaZliBzBPl6o3mrVPDylFM0P4latql89PoE4p6dgzl25Tofdzp0acE7LcsU+EJvtMyvEvSi4/2jTdYmhTwFKlsiixnGLp2dh5E0Mqs2NcUtLFVcxt3+8b3mkylLqBICcTcI1uMfaaCLbAy6AnYncz7q6QGUTsc20z06+VRa5Dh8QWTxobg5PiWWWtgbYWKFhpA3SRQrUicMyHdnXB+zPHDE8xRoCWGlLZm0+jKxm4lY/RFxvdbI++q+LdqTFcUeXDP42Oo8fxxt8QwSgTnTEiOpyoVHvWs6nG9OT8DBoU82HqPo4/cxn0xYIg4UjUkXQx6mVadfNvICrWCku15GjwiorTXgZn6NR//AE8N5v8A5T1ZxXumXeI/9afl6o6f9LH/AA65/jt/xis7B+9Ri8L/AOyvP0Lb0J/oGF/Up8qXX97LxK+M9/PxZwf0k/peJ/X3v42rbo+7j4I9Xhvcw8F6Hd/RBn/IsL3RHYWtQdfUESCB86xK1vaS8WeTxVvbT8X6nBuKf0i9+sf+I1r0tl4I9rh/dx8F6An5eY+Yq3yLE9zoX0Q4z66/YJPeRbi6xqhKn4OPdWXxGO0jz/HoaQn00+f+jpQwrq5cFWJVVOYQxCliAWXTQsfs1n5k1Y8+5xccr0Xw8uvh1OX/AEm4t7uKCxH5PbBOuxZpOo5kZNK0cLBKk7/3aHpeEQVOg5f+z08v1nLeIYfscS7rorHMI0gNr7P5GqEo5ZNMwK1N0sROL6/R6miHo7+VW1uMchAgbbbjNPnoPwIepMrN7kR+A/k5JeXUiJ+zB6xsfwK63UjJ1M9et3bRJtQ685ALDpJ9aB4GPCuUpQd4sGE6lGV6bt4FbiBJ71mD+iSPnPxpZXNv6J+j9nEoHt3LnaoMpW8yvbVoj1MoMbR3q5hNaXWxX4u1dwl4jEsrEaxlUqwP2kaJg+Hlyrkzoys7l5ZuobXb4chrZMOhEm03QxtuCGEcuY0bo0WuxON0Zbi2PUBs0OGmVOonqvNfIaULEzSRK9JbBsYbCMrANNy23UjJbInqJNz96hFvS1i39E8eexuNAJzWoAgesjgjT9UtOpU/avK+hqcN7VXyf2B4lzWhbJBRvsekp6yY20C9stl7ttuzLfpEG4vwb4VUjJKs1zdvTX8i44qHtp0ea1XyQG6vdP451ZqbMLNeRCYUqBMgFyokhMgQoYoXfQaTrXSQObUR7hB8aGwM5tOwb8t/RFHm+BHtX0JcVpjrHqGQcUNAoYhWH1LGBVo0Sjb/AETADGPcb1UstJ5LLKJPQb68vKqeO7iXxMvjHuUlzZqPSDHzxnAaiArR5XMygnzgeyq9OH9CZn0KT/hVfH0sQPphstntMBpkInQic0EQdz3hqNqLBWsxnCWssl8TJfRt/wATw/m/+U9XMV7lmhxH/rT8vVHSfpSwNy7hYtpduMWUBEBYROYsVA30ifHzrOwkkp6mNwucY1e00l1Zfeh9lkwWGR1KstpAVYEEEDUEHUGk1neo2upVxUlKtNrqzgfpJ/S8T+vvfxtW5R93HwPV4f3MPBeh3b0WxSLgsICe8cPZIUAsxGQa5RrHjtWJVV6kvFnlcTFutPxYDjfEEaxeAuWE+ruaFka4e6dIBhTPi1TTi8y0YzD0pKpHRvVdbb/vQ4U/LzHzFehex7ie5q/oxB/2lbjYJczeWU7+2KoY+2QyeNW/ju/w9Ttl64FBJrISueRSu7HEPThmXFYjNlzF9RuYyqVmR6uU6R4zW1hlemrfup7Lh6Tw8LbW+7/WUOIwy3EDEwU7p5ggwR7iJnxjnpSxtNxqX5PUr8TwHtv6ke8l80vuuXmBw3GHtyG+yYiJqoeczaZkWDcdDL4Hly/0qY9Q6a5mWxgBckSNdIrmRJdCFjr7rl1Db7dBG/xoGInuE4Txh7DhkzDfNo3ekzH46eNciIyt4HRcfw7D8Vs23usUIkoy5ZUbG2Z3Ej3ih2Ia5FJg/QoWndbOMzK4hkNvutHq5iLhBIO3dMa1KdiU7GW41we/buqjWie8D3YIImdCDtHXbnU3Ccroh8exfbXS2kSWAEkKGOwJ1IACiT0rm7gylcv/AEYlbB/SKNz5Zx/1Vcwa7V+hs8HptzlLovX/AEyfiOpHOauVIO2nxPQ03rqSOB9/8rsgRntLeQfpWW7wHiVMVm1k4TTPPcUk6OMjVXRP5XuvlYr7hEH8c6uSacbo3ItSaktnqRH60MQ5AWWa5iZA7iQSPjQw11FtW0BNFTJAO1xuISIPXWlg1Vqn1PZR0o7HWRZRWmWD0ULDQgGlDELkPqQ2EUUaJR0v6H8Ax/KLpWUhUG3eYSxXy1Q+0eNZ+PktImHxqolkhz1ZI416N4x+KWcSlg9mr2WYh7ZChWGYAaHYTEHUnU0NOtTVFwb11F0cXQjhJUnLWz5Pn8y4+lvD5sAX527iGfBjkI8u9ScE/wCrYq8KlbEW6p/k5t9G6TxCx3srS0QJn6t5300++tHFe6kbPEH/AOPLy9Udk4lxRcMe0xDAW0XVgG3uNCyup+yRoTvWRGGbSO55ynSdXsw3fLwKfi30k4G1bJtXDdeO6iq4BPKWYAAU6GEqSdmrFmlwuvOVpKy6nFMa7OzXG1LkuT4uST99a8EkrLkemilFKK5afI+hPQy2BgcLAAmxaJgRJ7Manqaw63vJeLPIYpt1p+L9TgnFR/8AsXv1j/xGtulHsrwR7TDv+nHwXoCucvMfMVYasizI6P8AQ9gJu375HqottT/iJZv4V99ZXEZd2J57j9TSEPM6PfxALG2sG4FVoOwDFlDewq3u8azlHS72PPxg7Kb21Xy5fU5d9K3DSuKRx/W2/ASyGCZOmxWtTBVF7Np8n6npuC1s1CUXyf0Zir8qreWuvl0q7VjGpTZsN9m6BYrDhwCVI03/APehHhWYsHeOj1VzGxfCo1G50XZ81yf4f7oVd+y6mMs/P3UmVCpHRxMieExFPR035a+giYG8f6m5PIFSPbLQKruaQuNCtJ2UH8repV/kzYhmNtxKj1CHBHXlqZNRJopvNJ7AsZwm7ZydoEXOCVDaGBuWBAK+2KFNMhxa3IaYs7Z19x/lRXZKnJBLOIdGVxcWRrzEeRAkHyrrnZ2SuIekN67qTqQQW2MHcTHxqCHYiI+UAsAzHYHp1PyHvriDT4UMhKLK5VRnU6hievPQkLpGwplOco91lzD1alPSEmjQYNbeIthUYi8gJdWDRA0ntBIy6jVssczTIVpRqZpPRmxh+MKErVo6dV+CLcc4K/hr5HfFwqUJ9ZLiQG8VOveGldiJKc9HoJ4vUpV8jpyT/wA/6I3ElVMTdsgDR+6Cdw0FYPXUR1qaVZRWWRPD+IwpxVKr5P7MiXLcDQ+f3Dzq2kraG29SPcFC0KlsCyxXITYGwrmC0MuChYE9wnYt/ZPuNDmXUPJLoThWmPQtQ1oGhAKiIQ81LDCrRII7V9E1xDgQFnMtx8+mmY6iOvdKVkY2/tbs8rxiMlibvmlbw/3cl8X9PsHhrz2bnaZ0IBhJGoB3nxoYYWpOOZCqXDa9WCnG1n8Q30h2c/DsQOiBv3WDfdQ4Z2qxAwEsuIh4nJPo2/4nh/N/8p61MX7qRv8AEf8ArT8vVHQfpDxDNg791T3RdRVOneykKx8QGzgeMnoaoYXSokZXDlavGL6M4vFap6SxNt3QwRIAIBGbVpmSBAHU7Rud+gWtdipQy3Z330Kvl8FhyQB9Umg2iO7HsisasrVGeSxUbVpL4nOMb9GuOe7ccGzDOzCXaYLE693xrRhjqcUlqb1Li+HjFJ30S5f5MrxzhlzDXms3Mudcs5TI1gjWOhq9GoqkFJbGvQrxr01Uhs/ydg+jDBdngFaIN1muH35V+Cg+2sbHTzVWumh5fjNXPimuiS+/3K/B8Znjly3PdNvsR/iQdp8849tMlS/8VP43+w+phbcMjPne/k9PwF+ljCBsKl3LPZXBI1Hdfu7j9LLQ4GTzuKdroDgtXLWcOq9NfycrvOmXRAN5BLlYMRznTXataUJ5HeTfy/B6eSeV6kkEukZVA2XvRoNJAc9KRCg4vMn1ve32+IEVl1uRWQC6uhKggct+kgx8adKMnZPR/D/JM7uxcYrGwUJtyCsb8wT0rLnwrpIQ6WtrlJxfhCMfynDKc5aXtyBPWJ5+HMwes154fK8l9fjzMXE4CedzhvzXX4r4mT40zX7r3WBnaDuokhVg7be80jLl0MSTbk7lcuH5ipBJCoOcRzmK44i3MgPcUT1MmPIHSuOLfgHo3ev3lLAhDDNcPSeQ5mNqFySGRpSZruOYdBj2yfbsRHimUj8eFTRZYS7S8CoW++Hv27yMVKtoRzB0jyINNZE7MrPSrjK4rEdtbgDKo2ghgXYyOstqRodaBFeJaekNgYi5ZuDa9YXb+0kA/wDLkNTa7G5czJOKwJSxafOXzqCxMfnNcw09o692edXcPK8cvT0N7hdbNTdKT1jt4f4Ku4Kc0aEkCy6TQibaATQgHjbJ2E10mkQ4N7Hq6x1ycDV+5YirizUNjEhRtXJBDjUsMKtESdC9GPTvD4LDi32Vx2YlnIyrrAEanXQDWs+vhpzle5i43htWvUz3SXIxvpHxH8pxN28AQLjEgHcDQAGPKr1CDhBRNXD0nRpRp32NzxP6TLF7DXLBsXQXtG3MpEssTvtNUI4KUZ3utGYdPhdSFVTzLR3MJ6L8UGFxNu8wYqubMFjMQykQCdt96u1oOcXFGpiaTq03Bc+viar0k9ObOKwZwy2mtklWkxEhsxAC9T86qUsNKE8zZRw2AnSre0buYGrxsCjw+Fcda50PA/SJbt4e1ZFq8Gt27aEqygEqApg66GDuDvpBrPlhZObehiS4XUnVlJ21b69S+/3p2gAThb0HY90A9Y1oP4E+qFLgdVu2ZfU596W8UXF4p76qVD5IDRIgKuseVaNOm6VNQb/bnoMFhpUKMactWvybjh30l4exat2Rh7sW0VZlPsiJ38KoywU5zbutTGr8FrTqyk5LVt8+ZirHGWXGDF6z2vaECJILSV/dkVelSvTyfCxvSwqeG9h/+bfTf5mw9IfT+xicNds9hcGdYBJSA26nfqBVSjgpwmpXWhiYfg1WhVjUzrR/Ewd9lKHuwcu4O50kkH27VpNNKTbv9jbknleoq3QcsroBBEsZHtOnsoWm46OxyTs9Qly8ubRJUmQGLaaRyP4mhySzR7T+moLi7rUlXYZkBIUQvdM5dzrv+Jo5d4h3TK6+kEgGYY6jY+NKypgS2InH+GG4oaSt0SCzcx9kMdzEb+NZroQnFyjJfbzMOrwiLi5KST5dPPo3ptzu+dlksVh71gnONPh4GR1+49KpOLW5i1qM6M3CorMi3MQW5b+dQLNLwHgIkPdg8wnIefU0qU+hZp0rayN3axqqsARFLLBmbuLzcTt9Bab4yPuFWKAtP+qvAqOL4ki+yc0MaztHd+EUyTtoJqSs3FFPwm2qXCtz1WG/wn/mn2UK3FwazaltgcaxFlSR9UxUnkAO6W8shPuFGPUmrfAvsBixcsX7ROqHtF8cx7wHt1/bo6UrTTLWDnlxMWuenzKoiTr8vurQkeltcblYaCZ6R4Ut2sR7NrmRYEeM/Co5lXSx55Xwn41EkmdK8duYOaIWTEarVy1B2FBqGGh42o4hIIaJjAi1wSEutAqJbEydkKz+NNTJlJ9QRcydelC3qxGZ3epbY/BKmEwt4Fs95r4bXSLbIFgcvWNJjUbqSj0sIp15yrTg3orfW5L4nhMNaweHbLdN++hcNnGQZbpUjJE7DrS4TnKo1fRMXRr1p1pK/Zi/PbqGx+AwdrB22ZroxF2yt1DmlGJulSuULpCqTJNRGpUlUa5J2Bp4jETrtLup2fXYFxTCYa1g7D5bpv30Lhs4yLluFSCmWfVHXepjOcqklfRB069adeav2Yvz26lha9FLf5KmJm5D4O9e9bQXbbqBy9Uq23hSvbyz5fil5FVY6p7Z07/3JeTD8O4RZu4BXc3Tc7HFXUhlCL2BXQrlkzmHPlRyrTVTKtrr6jqmKqwxLjG1rwT69q/Mi4fAYMYNb183RcuG8LZU90PbC5FK5STJbeabWqVHVyx2VizPEYh4n2cLZVlv1s3rqUeIxY7iqCAACZykFp3GkgbaeFNV82pece282vTwBl5Mk76mivqWEtDzMIqb72AmLcPdPl/Kpl3WKl3WFwiZtPOYIBjnE6UE55YN/l+hDaSFurDAHl7aNNSs0A3dpkrFbp/gHzNE12jn3iLc++gsLnt5hHvrlFojvEZxpplEq2vIyRWdKSeJcXta3jr/AJEKpSrTlQfJa+dn9zOcYwjhbalyEGbsyRIUE6rm/syNAfEVTrQcJZWzzmOw9SjJU6jul3X8P3l8jN3kCmGgHqplT5ryPl7qQZwexxC6nq3DA5GG+eooXFBqpJcw3+3bnWfYP512RBe2kPwPGn7dHBAcBlByjSfAyOtFFWOVRuSYPG35ec2vM6lifvO9S9wJu7uDe7MEiI1k6T1A8agEnWHyOLg7yys6CI6nzEiiTHxkEweLVLwa3JRd9Z0PdB+I08/KoburBUqyhUUujNOcGl8dpaaM2sHxqY4uVPR6o9NhsZTqJa/nzRT4u2VOU7gkGtGDzRUlzLNVpxTRFAokiqhtwVDREhkVFgA6NT7jYSugimuuOiFSmQYxDzRSY0Ktcgy1wfpJisMnZ2buVZJjJbbU76spPKl1aMJO7RVxOEo1ZZpxu/FkpvTbH/3/AP8AXZ/7Kn+LS6fVipcOw3/r9X+Sq4xxzEYojt7mfJOXuosTE+oBOw3qY0oQbyomlh6dJvIrFticOLvDcMVvWQ1g4lnRrirch2TLlTczlNJUstWWj1sVoTcMTO6fay620JPGbzPwzCql+zktpNy1nt9rnN1gpC+voGnyoKatWk2mBQio4qbcXdvR2drW+RY3sZa/2WR21kk4a1byZ07XtFxDMRk9Yd1qWov223N+gmMJfyu6+83fla3XYruMXmfhmFVL9nJbQm5az2+1zm6wUhPX2afLWmQVqsm0/wBQ6jFRxU24u7ejs7Wt8i5wfHLI4ecObiScAxXvLIuC44Kb6MQynLv3aS6cva5rf3FV0J/yc6Ttn+nXwBcFxFocOBN60CmHxyFDcUPmulOzASZM5D8KZNP223OJZrRm8VZResoO9tNL318xvo1fy4O7nxdrszbxANhzbDByg7NlnvNmPIdOdNxSvVVo66ajsXG+Jjlpu949pXta+vw0Mlw7H3LF3tLVzI4WB3Q0yYIhgQNPlT5wjN2kamJowqtRmrouf/zPH/3/AP8AXZ/7KU8LS6eov/i8J/6fV/kFi/SvGXLbI96VYFWGS0JB0IkLIo4YemtUvUF8Pw1NqUY6r4v8lOzQrbbEa8vHzqw9mPl3WGwuHYlRGpkxzga+zTaa6OwKkkhb3r+rl12105ga+FcpKVmieaJuJt963qNUnXTmeZ8qN7kN9pkPEqdNN2BHjrQtAVOXiAtYlO3IaINvJvsxcNPhqseRNeeqTftM66nlpYl0cdKstlJ/Lb0Kv0txdtz2Vt+6pHeAJ5a89p/HXqru97vn8RnFMVHESiorbn1/x8TN3OFvupzjwBB93+tLszKySAth9Oh8wPnUAkVmjofZXHG34P6H2msJde463HGYAFVCzqsAiZiOdMdN5Lrc1KGBhOClJvUouKcCu2nZVbPHMCDtO1SqM8qlYXV4bWis0O0vhv8AL8XKtGKGGB8tqU9NGUGnF2ejJaXl72sKRz3nwG9dc5Ox6xfy5mQnlA356T11j3VxxaYbtLYBtsUIUAgGZgc+vlUOzJTa1RIt3zdDE+uJJ8RzI+8e3rFzD1toPyNfB45ytTqeT+zEFW0ayGuK5kSGxUAHrRozqb0DKahvQswYVDpTYsYmEo5DkGQVMRm42/tUyF1NUeuGjZE3YAX1NA2IzasTNUXIzHg1RcJSuOFcEKBUnCLvr4fOhITuyQYzGJjlO8axMc6Nbj4sI3LzHzpk+THo86SZkaAcxOp5DnSZd46XfXgEFEOHMvdnTeNxPuo1sJqvkGvLkUEE95JO3MkEeWlTLuiO9F3JXBb7drrqXmSd9idPdVPHtrDyt8PVATisg3i355vMfwiiwdlRgk7/AO2TT7sSVjjpaE7oNI6MYM+06Ve5krvvxFsXLGUdoO8Dp63LUEmYoHsxNW615GExTsbrRuRt4k6fOvOM8dK8iThi+HtsVkyCrGDlBOzSOnjvO1SFqtbkLD3T9oCeoGU+9YrjkyViMOHWZGb9IA5h0JHP2VzVyZQUkQcDwFmdXy/VkkHwPIewx7DS5aCVSbko9dC9xN7M7ETEwPIaD4CtGCtFHsKMFGCiSf8AZ7snaetInqelAsRFSyPT0Izq+UBhkRmUXACuYSD0kU+pZwfMOpTjUpuMlcsb/BuHvoUUEE6hnB981QVGTSdrGZPh1O3cM/xb0aFhgbTBlaYDbiI57HfwrlRcr5Sg+F1JN+z1+D0f49CSeJlrZR7GVoGqhcpiY02Xc7UPsKnQrfwcRe2RlE2KZbkFSp0YBuY6jXXTSedL2divKMqcrSVmWfDsZaN4K57paBvGVgYnoQZBPgOtP/kSyu+5qYbiDfZqb8n+R+JtFGKkHQxV2NRTipI2dGrg4FFcjKgNo1IinsGQ1DLMGGQ02I5bBqOQ5BkqYjLjbx0onsBNuw2+aJgVdCNOp9lB1Kt9WJNCdccpqQ4tX0H1wbHLvREvoI+/u+dDPcCBNv4fJlOZWzD7LAwehg+X4FFzLFJ7iOdvMfOikWG9bC4p5ZfBQNY5E7Ry86Bq8gZtxlcIqNEwdp9kxPlNENhPMrj7mXKIBnnJEb8hGnvo0DUvzD4wDs03nsx5RmaeXl8amWwhd1juD/nV/a/hNUsf/wBeXl6oifcY7iv55vMfwipwfuIfvNkU+7EkY3e1+r/6jV7mEu8/Eh3VmP8AFQ2voROGdWKyxwTtcQhM5CHVyNxl+RI2NedknF2Z4qpFw33WjG+kblV7JQlu3PdT7UAwGbXTQc9daFtLUGKzNJblRhLU5fHapTvqGlZ2LjHWQidIog5WSKfAcZe1cYTNthDLy8GHRgefTSh8QadTJNS6M9xC++dbaHLmEk/LlM6cutPxE2nZM0+K4qpTmoU20rXdvi/8BeGcbv2GW1mLAfYMSQRyImd5EHXyqm43RlUcVUpNWd10NCEtMpvMYNzvWw0KdQGAA5mDy6U94mWaMErLQ9JRxMWqbva9tyuvc/8AEa0Y91GhL7iByYBJgTHhNSklqgIpXB3fVFT1An3QvEnS9hGXs8120Fybz0JUjWYBMc4qjXo27SMfG0G6cpWvYyaIVUmZ6r1+8HfXr7aqmDbmarF4gXrVu4Nx3W8z3gfaKfg21KUeW6+56PC4n2tJdVuQprQsWszA2TpUCaT0DJUMsQDJTYsctg00bHBVqE9R/wDaNvbVLbFVLWG4jamsVW2ImbU+yltlK+rFVtagKMtRyNrXIOEryCA0Q245d6kkW563u+dDPcGAXn7BRcyzTDi4VII3BHzonsMkrv5eoN9x5ffXNdoGbbs3+7kiwTBAMSDOoEgd6NfKuY+FsqYU2xlksB00nby21jfrRrYGrJ7EjFQEtnf6vbX+0YM+/wB1FLYUu6x/CmGZBAmW1gyRlPOY+FUsd7iXl6oCaeVjeJ/nW8x/CKnCe5h+82TDuokY3+q/V/8AUauPvBLvPxI0jnMyI9/OuQaWwsJabtWbukE5eWYEDN+7pWbj6SjJTXPc83xvDqE1Uj/dv4rmZC65u3GY65mmflWW45rGVB2VrbqxZ8YwPY9iJguc0nrIJJPnR6LY6VktCP6S4zQKOevsrmyZy0KjhiWs6m82VBLNuSY1CgDckwPfQkUsqknPYi9u7uGgNlP2gYMGdROk9Aa6Tct2BVnOrK8m34/v0JeJsC4FJbvQ0HU6g6KTPxiddZ3qLC3DQQYhmCByZQZM0k6BjETyAgaf2a5bB3zLUsmu3UHeAccmX76dCpKG2xdoY2tQ0vePR/bp6EjCXg8Ef6jwNXozUo3R6LD1oVoqcdhbvqj2/Oj6hT7o/h2J7Ml4mCNPORSprNoIy5qcl4EH0vdX7PEIIMm28+AzL8293hVCpTlF3buYPEKWVqRB4TiDkZTsTI9h+4k++jw3vAOHztUa6omzWibWYFZ2odQaVrBlqGWYhlpkRq2CzRscmFDVyGZlYZecRuKliqk423G4lxG4pjFV5xy7kItqfxypZRvqz2ahJzXH2DrUoZSfaJQrmXVezuKu4owRbm/u+dRPvEQC/wAhUvcsUwr8vZ86N7DX3vl6nroEiDMrrygydPGpl3xbvoHwwH2piDt1gx7Jiu5liF8qsEuoMg6kgjUbTBkdaNLQCq9CZi2HZpCjW3uZkd4jkY8dudS9hMb2fie4eym6IUAHaZJELrHxqrjEvYtP4eqIlfID4l+cbzHyFRhfdR/eZMNkS8baMW25BAPeWj5Grb3JTWdojJbJIA1MmR0A5k9K5BXIvpJhhdtpuozQcp5EEned8oHtB5VT4hC9NP4mNx6DVCM1yfr+ozt+EK9nC7AAATIAmJ8iaxb2PMxm1sAGONxizPdYgEglmMACSRJ08hQ3Z12QS7uRm7wmJO4ny199Tc5SYe6iyVZYI0g+Hz/0FGNS6ka/dIBgGB084+ZqGzmGRctsjdlBYx3okzrGw86lLS50YycW0r23+HiFwd4XFXPLvAQBVLGFAVBp0AA16VCatcKlFz0ir+GozFG8tyBauqDplKnU89BoahSTV1sdOnOMsri15F1hMGUCuVym5rl5jKI16E9PCreGayNo3uFUZU4vOrNv6WPXfVHt+dW+bNCfdBIe637NC90Ji+xLyFs2kupctN9tZU9HTUfAtSK0cyKtahGulBlZh+FPbAJIOYaDprXUKWVtlKlgJ0bSbTv9CX2Jq0W8rGCoGIKgqcug2DDKKYoocnoObepkE3qJcaOdQ2RUklzId9qGxQqy0H3DtTiZvYGTqaWxberFtJmIWQJIEkgAeZOwqLHXY/D71KHUO8SgaIuIKoIAMjUxuJ0jluBrUrcJO2g9rJJnTlRypuTudFBbtvKYkHQbEN8ufhQSVpD4BTpHqmR1mJ05HQjej5IY9ZfIRQdSCPVg7bE8p39lG1rcCXL96nkcAVFh0ZpKwRroOnl86IXOopaFhihKJ4WvLZj1NE9gY91+I3BkdqsRHgCPs67k85qnjfcv95oh90JxElny5gQDzhQCRqJPlPtqcN7qJ0UkkwuOc/VCdCgMeIZo+Z99WX3iUu0yIrQR56+InUVKCSuG4mM9poMayNid9NDvypOM0ou5U4lCm8JJVHppt1TTXzehAv8ABLdnDLdYTcJUBmHelj15aTp41508SjKYSzE/q7n+W1cSQWMEVJBZEi6g+00aEbsOUjruD40V7j1LMW3ozZw/Yk3VBFxie9r3bei/8xf40UIOWu5q4HDKpRcmr3fp+sJcVMz9mqqusBQFGw5Cr1GLjBJ7mzRpxhHKlYZhWyspjYgxyoq0VKnKPwYyK0si8XjgCfm/tHY6VVpYZWSW1kJqUHe9you4g3LgJAG8ActzVlUo0oNRGwjlIt4dxfb86at5eQNTugF9Vv2aCXeXmIj3JeQmCP1g9vyNBPYGk+2iTf8AVTy++ujuwqndiCo7irEIVNyEgyUfIZEMtMQ2Owtw61MgpPUDdNAIqsBeUgVNirUTsPucqYHPkDJ1NALe7EG9CRzJ3B2UPmLBYBKkqW73LQc/PSiQ2h3iUjsbcZlyqwbKSJJOmg3IqeReDWcQFykET2mbs8pyiNjmmfCKJb+YVhzGSTESdhsPDWrCDiPuYpyYLaARsNjuNvCq9TvBxig1+8SNXmQojL0acsxy3mi5IYorNsR2Q6aU5nNrQLYkEA+rMmRPhy159aGwLaBBDpXAvVlpfPcTSZtwP3j8aJ7Brusbgj9aNMu+muhA8edVMZ7l+XqjrdkdxC59YdmEzB21UTU4d/04s5LYLjt7X6sfxGrL7xK7z8SKSCSdtZAAMb7Dp/pXRJiWGFQMFB5/zn5A1V4jf2PmjN43f+Lp1V/r97D/AE3sM3Dwy/1To5Gg7qGG+EHyrBPIGWxWBVCjKQyXVzKfBhBU9CJj3VFwimxnD81+3bX+sIXykxUogiejuDxFxvqVMqZJ2ywNTJ09lTe2pYw1CpVklH58kaXG21QhE2QBfM7sT4liavUF2E+up6zDUlSpKKGWef8AhNP5LxGiINR5iiqLsvwZMdw1wd39s0ujy/8AlEyGYVe+Pb8jTqq7LBGYhPq08m+dSl2peQup3WRlHdb9mgku0vMRHuS8hmDHfHt+RpdTusGl30Sb/qp5ffQw70vEOp3Y+ACmiSIlCRAONhTIjuSCLTUEthL1dI6e4OoiInuMv7UYiex65RMOXIEdz+OVKFvdiCoBDYbf2VI/D98lCpLoa1RIbElLVlHITn7qr1O8NiEuUa2XiNYenMrvc9QkMZc291CdHcm4n1E/V/8AU1G9h8O7Lx+yBcOPfX2/I1TxnuZfvNE8h2P/ADjef3Cuw3uo/vMFciTxD+p/Vj+I1afeOj334/Yi2h3h51yJRNw+y+bfJqDGe4l+80VeJ/8AUqeC9Uafh1pezcZRBzAiBBGXY+FebPEHJ/RwS0HUKt+AdQIRiIHKCB7q5nInYX+nWPNv8u5UIlmh4PorRp9Xc+ZrRrdyHgz1/wDZT8F6GZmnF3kFw/2v8JruniAet7jzo6ncfgwo7ki7+b/bNBQ3X/yiZbjcD66+35GnVu4wWNxP5q35N/FRLvz8vQXPZkP7Lfs/fS59+PmJXcl5DMF+cHt+RpVbusGl30Hv+qnkfnQQ78vEKp3Y+BHpok//2Q==\" data-type=\"img\" data-index=\"0\"><div><br></div><div>如提</div>', 1, 4, '2026-05-24 09:39:06', NULL),
(20, '日文50音', '我的心啊，早就被那東瀛的和語之美給勾走了，簡直是心神嚮往到不行！現在正苦苦（？）尋找一位傳說中的「日語引路人」或「語言開門者」，巴不得能遇到一位有緣的「明師」，來幫我這扇緊閉的日語大門「咻」地一聲打開，然後我們就能一起手牽手（咳，是腦袋牽腦袋）鑽進去，把那些語言的奧秘給挖個精光啦！\r\n<div><br></div>\r\n[img1]', 6, 6, '2026-06-14 13:14:32', NULL),
(21, '晚餐吃啥', '<p>肚子有點餓，好想找點好吃的！各位朋友有沒有什麼超級美味、讓你一吃就愛上的好料，可以推薦給我，讓我也去試試看呀？</p>', 1, 3, '2026-06-14 13:41:51', NULL);
INSERT INTO `posts` (`id`, `title`, `content`, `user_id`, `category_id`, `created_at`, `post_img`) VALUES
(22, '照片', '<p>來看看這張照片！<img src=\"data:image/jpeg;base64,/9j/2wCEAAYEBAQFBAYFBQYJBgUGCQsIBgYICwwKCgsKCgwQDAwMDAwMEAwODxAPDgwTExQUExMcGxsbHB8fHx8fHx8fHx8BBwcHDQwNGBAQGBoVERUaHx8fHx8fHx8fHx8fHx8fHx8fHx8fHx8fHx8fHx8fHx8fHx8fHx8fHx8fHx8fHx8fH//dAAQAUf/uAA5BZG9iZQBkwAAAAAH/wAARCAKIAogDABEAAREBAhEB/8QBogAAAgMBAQEBAAMAAAAAAAAABgcDBAUCCAEACQoLAQABBQEBAQADAAAAAAAAAAAHAgMEBQYBAAgJCgsQAAIBAwIDAwUGCAsNCl8AAAECAwAEEQUSBiExE0FRByJhcYEUIzJSkaEIQmKCorHB0hUWFyQzNENTVXKTGCZUVnN1g5KUwtHT4QkKRWNkhLKztPAZGiUnKCkqNTY3ODk6REZHSElKV1hZWmVmZ2hpanR2d3h5eoWGh4iJipWWl5iZmqOkpaanqKmqtba3uLm6w8TFxsfIycrU1dbX2Nna4uPk5ebn6Onq8fLz9PX29/j5+hEAAgECAwQDCgQGBAR3AAAAAAECAxEEITEFEkFRE2GRBiIyUnGBobHh8BQWwdEVI0JicvEzgpKiB0OywggJChcYGRokJSYnKCkqNDU2Nzg5OkRFRkdISUpTVFVWV1hZWmNkZWZnaGlqc3R1dnd4eXqDhIWGh4iJipOUlZaXmJmao6SlpqeoqaqztLW2t7i5usPExcbHyMnK0tPU1dbX2Nna4uPk5ebn6Onq8vP09fb3+Pn6/9oADAMAAAERAhEAPwCj283543ymil0MPFXYC/pp+M+0/dtN+eN8pr3Qw8Vdh7p5+M+0+9tN+eN8pr3Qw8Vdhzpp+M+0/dtN+eN8pr3Qw8Vdh7p5+M+0+9tN+eN8pr3Qw8Vdh7pp+M+0/dtN+eN8prnQw8Vdh7pp+M+0+9tN+eN8pr3Qw8Vdh7pp+M+0/dtN+eN8pr3Qw8Vdh7p5+M+0/dtN+eN8prnQw8Vdh7pp+M+0+9tN+eN8pr3Qw8Vdh7pp+M+0/dtN8dvlNe6GHirsPdNPxn2n3tpvjt8pr3Qw8Vdhzp5+M+0/dtN8dvlNc6GHirsPdNPxn2n7tpvjt8pr3Qw5LsPdNPxn2n3tpfjt8pr3Qw8Vdh7pp+M+0/dtN8dvlNe6GHJdh7p5+M+0+9tN8dvlNc6GHJdh7p5+M+0/dtN8dvlNe6GHJdh7p5+M+0/drN8dvlNe6GHJdh7p5+M+0+9rL8dvlNe6GHJdh7pp+M+0/dtL8dvlNc6GHJdh7pp+M+0/drN8dvlNe6GHJdh7p5+M+0+9rL8dvlNe6GHJdh7p5+M+0/drL8dvlNe6GHJdh7pp+M+0/drL8dvlNc6GHJdh7pp+M+0/drL8dvlNe6GHJdh7p5+M+0+9rL8dvlNe6GHJdh7p5+M+0/dtL8dvlNe6GHJdh7pp+M+0/drL8dvlNe6GHJdh7pp+M+0/drL8dvlNe6GHJdh7pp+M+0/drL8dvlNe6GHJdh7pp+M+0/drL8dvlNe6GHJdh7p5+M+0+9rL8dvlNc6GHJdh7p5+M+0/drL8dvlNe6GHJdh7pp+M+0/drL8dvlNe6GHJdh7p5+M+0/drL8dvlNe6GHJdh7p5+M+0/drL8dvlNe6GHJdh7p5+M+0/drL8dvlNe6GHJdh7p5+M+0/drL8dvlNe6GHJdh7p5+M+0M/JLaG84tDy+fHa20sxVuaknbEOR/amap9ubsKFkleUkvl+QutgOc8Rdt2jFv5PlGTxTHbq1vEkSLyZ2woHXAH2jWfwMFm2Xe1qrTjFPmzB7KL4i/IKn7i5FP0kubP3ZRfEX5BXtxcj3SS5s/dlF8RfkFe3FyPdJLmz92UfxF+QV7cXI90kubP3ZRfEX5BXtxcj3SS5s/dlF8RfkFe3FyPdJLmz92UXxF+QV7cXI90kubP3ZRfEX5BXtxcj3SS5s/dlF8RfkFe3FyPdJLmz92UXxF+QV7cXI90kubPnZRfEX5BXtxcj3SS5s/dlF8QfIK9uLke6SXNn7so/iD5BXdxcj3SS5s/dlH8QfIK9uLke6SXNn7so/iD5BXtxcj3SS5s+dlH8QfIK9uLkc6SXNn7so/iD5BXtxcj3SS5s/dlH8QfIK9uLke6SXNn7so/iD5BXtxcj3SS5s/dlH8QfIK9uLke6SXNn7so/iL8gr24uR7pJc2fuyj+IPkFe3FyPdJLmz52UfxB8gru4uR7pJc2VtRu7LT7OS7uFAjjHJQBlmPwVX0ml0qG/JRSETruKu2xZXmoXV3dSXMrEPIc7VJ2qO5R6AK0VPDU4RSSXYVE8TUk77z7SDtZfjt8ppfQw5LsE9PPxn2n7tZfjt8pr3Qw5LsPdNPxn2n7tZfjt8prvQw5LsPdNPxn2n7tZfjt8pr3Qw5LsPdNPxn2n7tZfjt8pr3Qw5LsPdNPxn2n7tZfjt8pr3Qw5LsPdPPxn2nztZfjt8pr3Qw5LsPdPPxn2n7tZfjt8pr3Qw8Vdh7p5+M+0/drN8dvlNe6GHJdh7p5+M+0/drN8dvlNe6GHJdh7p5+M+0/drL8dvlNe6GHJdh7pp+M+0/drL8dvlNe6GHJdh7pp+M+0/drL8dvlNe6GHJdh7pp+M+0/drL8dvlNd6GHJdh7pp+M+0+drL8dvlNe6GHJdh7p5+M+0//QzqK4Kj7Xjx+rhw+146fq8cPtcPH6vHj9Xjx9rh4+148fq8eP1eOH3FcOn6vHj7Xjh+rh4/V48fcV48fq8ePtePH6uHj9Xjx9rx4/Vw8fq8eP1ePH3FePH6vHj9Xjx+rx4/Vw8fcV48fsV48fsV48fq8eP1ePH6uHj9Xjx9rx4Z3kTtffdVuiOiwxA+ssx+0KzXdDPwI+V+o1Pc1Dw5eResKOJJN2plfztFX5fO+7Vfg1aA/tOV6tuSRlVLK8/V48fq8eP1ePH6vHD9Xjx+rx4/V48fq8eP1ePH6vHj9Xjx+rx4/V48fK6eP1ePH6vHj9Xjh+rx4+V48fq8eP1ePH4kAEkgAcyTyAA6k148LfifXTql5tiJ9xQEiAdNx6GQ+vu9FX+Dw3Rxu/CfvYqcRW33lojGxUwjn7FePH7FePHzFePH6vHj9Xjx+rx4/V48fsV48fsV08fsV48fMV48fsV48fsV48fsV48fsV48f/0c+isCo+148fq8ePteOH6uHj9Xjx9xXDx+rx4+148fq8ePuK4eP1ePH2vHD9XDx+rx4+4rx4/V48fa4eP1ePH7FePH2uHj9Xjx+rx4+4rx4/V48fq8eP2K4ePuK8eP1ePH6uHj9Xjx9rx4/V48fq8eP1ePH7FePH7FePH3FePH7FePDn8j1mYeFpbgjndXUjKfqEVYx9krVjtvVL17eLFfObbuep7uHv40n83zkmqS9rqNw/i5A9S+aPmFdoRtBLqIOLnvVZPrKuKeI5+xXjx+xXjx+xXjx+rx4/V48fq8cPleOn6vHj9Xjh+rx4/V48fq8eP1ePH6vHj9Xjx8rp4/V48fq8eP1eOH6vHj9ivHgS411wRo2k27e+OB7rYfSqeYj9bdT6PXVlgMPd7704fOQcXWt3q84F4q3K8/Yrp4/Yr1zx+xXjx+xXjx+xXjx+xXjx8xXjx+rx4/Yrp4/Yrx4/Yrx4/Yrx4/Yrx4/Yrx4/Yrx4/Yrx4//SoUVgVH6vHD7XDx+rx4+4rh4/V48fa8eP1ePH3FePH6uHj7XjgMcZcc23DL2sb2xupbkO2xXCbVXAychupNVW0dqRwzSa3nItdm7KlilJp7qiDX4tdt+hL/qw+8qs+MsfE9PsLT4sS8f0e0+/i2W36Ev+rD7yvfGWPien2HvixLx/R7SS28tFhJcxRzaa8MLuqyTdqG2KTgtt2DOKVDujg5JOFl5fYJn3NTUW1NN8re0ZClWUMpBUjII5gg1pLmYZ9rx4B+JvKla6HrM2me4WuWgC75RIEGWUNjG1ugNUeN23GhUcN3et1l9gthSr0lU3t2/V7TL/ABbbb9CX/Vh95UT4yR8T0+wl/FiXj+j2n78W22/Ql/1YfeV74yR8T0+w98WJeP6Pafvxbbb9CX/Vx95XvjJHxPT7D3xYl4/o9p+/Futv0If9XH3le+MkfE9PsPfFiXj+j2n78W62/Qh/1cfeV74xx8T0+w98WJeP6Pafvxbrb9CH/Vx95XvjHHxPT7D3xYl4/o9p9/Futv0If9XH3le+Ma8T0+w98WJeP6Pafvxb7b9CH/Vx95XvjHHxPT7D3xYl4/o9p+/Fvtv0If8AVx95XPjHHxPT7D3xYl467PaFHCnHNpxBpt9eC3NsbHnLEXDnbtLBs4XrtNWeC2lGvCUrW3Sqx+y5YecY33t4F/xb7b9CH/Vx95VZ8Y4+J6fYWvxYl4/o9p+/Fvtv0If9XH3le+McfE9PsPfFiXjrs9p9/Fvtv0If9XH3le+McfE9PsPfFiXj+j2n78W+1/Qh/wBXH3le+McfE9PsPfFiXjrs9p+/Fwtf0If9XH3le+McfE9PsPfFiXjrs9p+/Fwtv0If9XH3le+McfE9PsPfFiXj+j2n78XC2/Qh/wBXH3le+McfE9PsPfFiXjrs9p+/Fwtv0If9XH3le+McfE9PsPfFiXjrs9p+/Fwtv0If9XH3le+McfE9PsPfFiXjrs9p+/Fwtv0If9XH3le+McfE9PsPfFiXjrs9p+/Fwtf0If8AVx95XvjEvE9PsPfFiXjrs9oweGfowdM0TRLbTPwrTSmANukF4qhizFicdifjVQYzE9NVc7WuaLBYToKSp3vYpN9FnYsxY8Ny5Jyfx0vU/uKpCx65Fc9jt573oP361jYfsty/vWv8Krv0QXI99Bn43oP361jYfsty/vWv8Kr30QXI99Bn43oP361jYfsty/vWv8Kr30QXI99Bn43oP361jYfsty/vWv8ACq99EFyPfQZ+N6D9+tY2H7Lcv71r/Cq99EFyPfQZ+N6D5+tY2H7Lcv71r/Cq99EFyPfQZ+N6D9+tY2H7Lcv71r/Cq99EFyPfQZ+N6D9+tY2H7Lcv71r/AAqvfRBcj30Gfjeg/frWFh+y3L+9S/wqvfRBcj30Gfjeg/frWFh+y3L+9S/wqvfRBcj30Gfjeg/frWFh+y3L+9S/wqvfRBcj30Gfjeg/frWFh+y3L+9S/wAKr30QXI99Bn43oP361hYfsty/vUv8Kr30QXI99Bn43oP361hYfsty/vUv8Kr30QXI59Bn43oP361hYfsty/vUv8Kr30QXI99Bn43oP361hYfsty/vUv8ACq99EFyPfQZ+N6D9+tYWH7Lcv71L/Cq99EFyPfQZ+N6D5+tYWH7Lcv71L/Cq99EFyPfQZ+N6D9+tYWH7Lcv71L/Cq99EFyPfQZ+N6D7+tX6f38Nyn+Xa/wAKr30QXI99Bn43oILj6LBSCLbhvsz3NJc7/mEaClx2hDin2iZbGlwkuz2mRd/RM6tc5DWksSH6SCZYx8yZ+epMNrUY/gu/ll7BiWwar/BnZH2mW3lxt2JZtJkZicljOCST3klKlLuij4np9gx8WZfpJ6PafPxb7X9CH/Vx95XvjGvE9PsPfFiXjrs9p+/Fvtf0If8AVx95XvjHHxPT7D3xYl467PafPxb7b9CH/Vx95XvjHHxPT7D3xYl467Pafvxb7b9CH/Vx95XvjHHxPT7D3xYl467Pafvxb7b9CH/Vx95XvjHHxPT7D3xYl467Pafvxb7X9CH/AFcfeV74xx8T0+w98WJeP6Pafvxb7X9CH/Vx95XvjHHxPT7D3xYl4/o9of8AD+sQa1o9rqcK7EuVz2ZOSrAlWXPoYGr3C4hVqamuJnsXhnQqum+BoYqQRz9ivHj9ivHj9ivHj9ivHj5ivHj9ivHj9ivHj9ivHj//06NFYFJ+rh4/V48fa4ePtePH6vHj7ivHD9XDp9rxw/Vw8fq8eFnb6cvGvlt0/SHHaWFvcJFcDG4CC1zLcZHpIcVgdt4jpMRLlHvez2hC2Fh+jw8ecu+7fYeoH4b4TZ2b8AdMG4k4Fnb4GfrKpi7sfPws8J/oFpv7x2/3lePWPL/0R17pbeUI6Vplpb2dvpFtFbypbQxwhp5B20hbswu4jtAvPwpcRuWpteSriManoIsJmzd6biM56tCfyM+zG32DxrcbDxnS0tx+FD1cPmMHt7BdFW314M8/Px+cLH1bSo3ZJLyBHQkOrSoCCOoIJq1demsnJdpULD1GrqMuxgZ5CNKteKfKvqes39tHd2FnDc3RinRZI98zdjAGRwQcCTIz4UOcXW6SpKXNsJmCo9HTjDxYo9G/hY4T/QLTf3jt/vKikux1HwrwpJIqDQtNyxCj8Z2/fy+JXj1jxxxs8HEPlQ1OPTIIraC+1M2tlBAixxqnaCCPaiAKMgA8qcWg09T2L+FHhG3C2y6HprLbqsKsbO3JIjATJJTmTjNN3HbH78LHCf6Bab+8dv8AeV49YQP0Ui6NZXfDul6bY2lk3Yz3dz7mgihZu0kEce4xqpIAibGaXERMN/oe+E9C/Extb2/0u0u7nULu5m7W5t4pX7NCsKANIrHbmNuVck8zsVkMf8LHCf6Bab+8dv8AeUkVYEfK5p3C2leTLiK8i0fT4ZzbC3gljtYFdZJ5UjBVlQEHDHmK6tTktDy/wZra6dBrsDybFvNOmSP0zAeZ8zNVrs/EdGqib8KD7eBTbSw3SOm0vBqLs4/IOL6FzhzSLvReIdR1Gwtr0m4traH3VDHNt2o8j7e0DYzuXOKq5FvBDs/Czwn+gWm/vHb/AHlJF2K+paFwjaaXf3baHpgFtaXE2fcdvyMcLMPpPEV09Y8meRLT7bUfKpw7bXUCXNsbgyTQyqHjZYo3kIZWBBHm99Leg1HU9d/hY4T/AEC03947f7ymx2x+/Cxwn+gWm/vHb/eV49Y/fhY4T/QLTf3jt/vK8esfvwscJ/oFpv7x2/3lePWP34WOE/0C03947f7yvHrCh+id0nQ7HgjSWsNNtLOaXUyGktreKFyqwN5pZFUkZPSlREz0IPoXtF0a94W16fUNOtb2Rb6BI3uYI5mUdi5IUyK2B6q9I9BDl/Cxwn+gWm/vHb/eUkVY/fhY4T/QLTf3jt/vK8esfvwscJ/oFpv7x2/3lePWP34WOE/0C03947f7yvHrH78LHCf6Bab+8dv95Xj1jyZ5erG0svKrrcNpBHa2+bdo4IUWONQ1vGTtRAFHPwpyOg3LU9P6Fw7wtc8I6XM2iac0k2l2ztIbSAsWa2Ulidmck880gcSOeEuHeF5eGNNeTRNOeQxEO7WkBYlXYcyUyelePJGt+FjhP9AtN/eO3+8rh6x+/Cxwn+gWm/vHb/eV49Y/fhY4T/QLTf3jt/vK8esZfFfCHDNzwnrkEGi6fHPJp132UkdpArq4hZlZWVAQQR1FdTPNHmPyA+4X8qek2t7bQ3dveLcQNDcRpLGWaByp2uCMhgMUuWg3HU9YfhY4T/QLTf3jt/vKbHLH78LHCf6Bab+8dv8AeV49Y/fhY4T/AEC03947f7yvHrH78LHCf6Bab+8dv95Xj1j9+FjhP9AtN/eO3+8rx6wl/ooeGdIteHdB1TTrC2smju5rWb3LDHCGEsayJv7MLnBjbGaVETNF76Ge30HVeBtQt7/TLK7udP1AgSz20MsnZ3ESsoLOpbAaNsV6R6A2vwscJ/oFpv7x2/3lJFWK+ocI8K3Fhc266JpyvLE6Iy2kAYEjlghORrtz1jP0/SNLg0+2guuBrea5hiSOaZY9PCuyjBYBo93PHfXjlixaWXCdxqLafNwlaWFyIfdCia3spA6bgpC9nHyIznnXjpojhnhQEEaFpuRz/Kdv95XD1jyF5X9EThvyo6zb2kKw2wuReWUW0dmI5wJ0AXptG7bj0U4tBqSzPWelaXwbq2k2GrQaFphh1G2hukxZ2+Pfow5HwO4kikDpZ/Cxwn+gWm/vHb/eVw9Y/fhY4T/QLTf3jt/vK8esfhwxwmDn8AtN/eO3+8rx6xjaRw3wxb65q+myaLp7qTHe2u+0gOI5BsdRlOgcDlXT1iLj7gDh7WeCNb0+y0eygv3tXlspoLaGKQTwe+oA6KGG7Zt9teTONCJ8iurCXTL3S3bz7aQTRA/ElGCB6mX562Hc/XvCUOTv2mI7paFqkai+qVuwZOK0Jmj9ivHj9ivHj9ivHj5ivHj9ivHj9ivHj9ivHj9ivHj/1KNFUFJ9xXDx9rx4/V48fq8ePtcOH2vHj9XDx+xXjx9rx4qatqEenaXd38nwbaJ5cHvKjIHtPKmcRVVOnKb+pVx7D0XUqRgvqnYH/oZ+H9Su9Q1zipLs2s0Siyin7NJS0lye0m5OCB5qDn9VQyqSbd3qwpUoJKy0Q+ew4h/Rs/vLb/e0gdsfVh4gDAnWyQDzHuW35/Y149YRvlJ8hQitOIuNdV4oNxcKJr+aM2gUySyPhIwwkwMu4Xp7KUpCHETfB/Eb8P65Df4LwYMdzEvVo26j1ggMPVU/Z+LeHqqfDj5Cu2jg1iKThx1XlCzyX+S2fykXms3dxqP4Gx2hSR5uxM3aTXDsdg85MYCsah1KjlJyerJtKkoxUVolYe/k28lFxwHDqCafrxlm1Fou2l9yRjzId21MSGT6ZyeVNtjyjYLdFv8AUri71GO6uzdQWcvueNjHFGDIoyzDs1B9HOuHUTcQ6yuj8O6tq7dNPs57gfpkjOz7MiuHmeTvIVpTar5VdFMi9pHaSvfz558rZGlBP14WnHoNx1PYQYs2O8n7dNjphafea7qT3s0Gp+5bSK6khtY1ghk97Q4zuZSTzBrpw8x/RCald3flNvbe5ujdyabDBZ9qUSP4MYkYbUAHJpDS46DctT0z5P8ATjpXAfDunMu2SDT4DIPq5V7ZvnkpDHFobdx7oeCRbaYW9wwxFOVEmxvjbG5N6jXDoJ8d8E6xxfw3LoN1xCYbaaaKaRvckRz2RJC+Z2Z6nPWupiWrnm3yteS+DgC60u2TVfwTk1CGSd/eex7NUfYv0753HNLTuIkrDm+h30rVYPJqlzaaibNL++uJWiEEUmezCRBtzgn6U0mQqKyGX2HEP6Nn95bf72uCrA/5RZNes/J7xLcyayXRNPmUx+5oF3driLbuC5Gd/dXkceghfoZ7I3PlRhkAH41srubmQMe99mOZI/PKVLQRHU9WuHTG7HPphlb+Yk0gdOd9ePCf4y+iQt+GeKNT0D8LYvvwNna3N37taLtCvVtgifb8tKURDkY361pb/soD/Jg38Iru6c3z9+taW/7KA/yYN/CK9unt8CPKz5a4+P8AR9P01NEGlCxuHuTL7pNxv3oE27THHjHXNdSsccrjL+hZIXgnWmJxu1JB+624++pMhUNBydqviKSLINQv1s9OvL3b2nuS3muOyzt39jG0m3Pdu24zXjwjv1rS3/ZQH+TB/wCEUvdG98/frWlv+ygP8mDfwivbp7fP361pb/soD/Jg38Ir26e3xP8AlJ40TjPi664gSx/A4XKQobXtTNgwxLHneVTO7bnpXUhLdz1/wD2s/k+4bl809ppNt9OgP5AF6E+ikMdTyPvBz44ctl/O3mT5JWrzPIoeUfjz8JHDQ106d+Cae6Y7ZrftjBjtVZg+8K/TZjGK8kebsZfks8rcPlB/BPZpP4FNpghJX3QbjtBMXGeaR7duz5681Y5F3DzfXBR8KiZJIDzEyPER6JFKfdrx48X+S+6Ok+VLh6SQ4MGpwwv9dJ2R/mVOPQZWp7SYlWKnqDj5KbHhUeUHy/rwZxTc8Py8N+7vc6RSJee7Gh7RZo1kB2CJ8Y3Y60pREOVgn8mPlIh490S71SPT/wADDZ3ItXtu2M+cxhw+8rH1yRjHdXGrHYu4J8d/RDJwhxXf8PS8Ne7TYsgW792NF2qvGsitsET7eTeNdUTjlYMPJr5Q4OO+HpdZisfwOaC5a1ltO1M+CqK6tvKp8IP0x3Vxo6ncxvogNP8Ad/kq1RlXdJYzW12voCydkx/dZa9HU9LQW/0KmqiLW9f0pm/LVnHcxr9Vby7Sf3WY0qQmB6M30gcPqsCwBO0E4LdcV48JXiH6Jr8A9d1DRrjhIPNp1xLbO/u9l3GJyu7HYnG7GaVuiHMwLn6KGKXWbHUk4WEfuWOWKWL3cx7RZRj4XYjbtPPoa7unN8v/AK1pb/soD/Jg38Ir26e3xW+VfyiWnHuvW2sRaT+BU0VstrOnbm4EnZsxR8lI9uFbb7K6lYS3cNuB/okm4b4S03QLnh4ajJpyPEl57saHdGZGdF2CJ8bA23rXHEUpG4Pos7YkA8I4HeRqDEgegdjXt09vj2iuIpoYp4X3wzxpLE470kUOp+Q0gcO99ePC78rHHc/Al5onESaWNStZ/dFjdIZjAc7VdFyFf0kcu6upXEydgMj+i3t0dXHCAJUg4OoNjl+4KVuid8E/InDqOs8f8QXmjWXubRZrO8lvoGbesELt21vGH2ruYTRoByBKhj41Y7Mm414vrKra8FLDyT5ZDNxW9B0fsV48fsV48fsV48fMV48fsV48fsV48fsV48fsV48f/9WlRUBSfa8eP1ePH2uHj9Xjh9rh4/V48fa8eP1ePHUMck79nAjTOfpI1Ln5FBpMpKKu3Y7GLk7JXBDy2x6vovC1tb3lrJafgtLti7UBGeOHDuQud3JimfXWd23j6bpbkJJtvO3I0mwcBUVbpJxaUVlfm/djQ8jOgjQvJro9uy7bm+VtRueWDuuSCgPqiVKxr1NvFZBrvrgo/b68eFZ9EZqF/wDhHttHsIJbibVLtWnWGN5MQ2o389oOMyOnXwpURE9DzT+F3iD9DLv9Qk+9pY3Y9K+QO3s+HuAAL6G9hv8AUruW5njFnK2EjxFEM8visfbSJDkRjDiPSVO7bfErzC+4ZeZHQda4KuZvD+o2dhpixXi3YvZXee4EdrJKoaRi2N4IBIzXjwI+Xfi6wg8md9a2zXSXOpzQWi9tbPCpQN20g3McdIuldihMnkAv0LOlB9a13WWU/jW1jtYn7t9zJub7CE12RyB6IEhByDgjpSBw40+0tLYR21vGsMG/JVc4Bc5Y8/lrx48Ya7PJxT5Sbx8721fVWRCPizT7Ex9aRTnAZebPakgSNjEn5HFiNP0qDavzCmx453148ft9ePHmv6JC31fUuPoY7SzuLi3srCCIPHE7pvfdK2GAI/NOdLiNz1HT5KNPbTPJrw7aOhil9ymaWNhtZXmleQgg8wcMKS9RcdAr31w6APl4vTbeSnWNpw1w9tb+sPMrH5krsdRMtBT/AEMujWV/xJrM95AlxHbWACrIMgNLMgz8imlSEwPRtnYafYhxZ28duJCDIIxjcR0zSBwtxtudR4kCvHjxp5Q9M12/474gvE066dJtQuWR1hkIK9qwBB29CKcQy9Qf/C7xB+hl3+oSfe105Y/fhd4g/Qy7/UJPva8esV7vTdRs9nuy1mtu0zs7aNo92OuNwGcZrx49G/Q12uoHgO/kt9TuLJH1J8xQiMqxWCMbjvVjnnSJDkNBlWU+t3N9qFsdbvEWxlEQcCEl8qGyRs5da4KOdft9XXh7V2bXbx1FhdlkKw4YCB8qcJ0NePNHiGnBk/V48fq8eP1ePHsfya6Lodx5PeGbiSxheZ9PiLyFfOLKWXOfHlTbHVoafD2pWtlYmzu1uo5zdzCPFtI8ZEsnvZMo5AHPsrx0HvL5ZXF75L7+G3ieeeO6tJFijUuxw7KSAuTy3V6OpyWgB/Qw2uo2GrcQw3lpNbLPZwsjSxugJjmAwCwAzh6VITAfu+kDh9ivLSG4jM13awsrKTHNcwRPjOeaSOrfNXjlzxVrBGk+Ui8ZWUrY6vI6ujK6lY7ksCrKSpGB1Bpwa4nti4lDTyMPgsxYeonIpseFr5Q/IrovGuvnXLzVZ7CVbeOB4ooUkXbAD55ZnU/B68u6lJiXG4qpeOPxJr+fSuANb0/ibSdTihurm7ntu0MdwhkQxgErt83B9OaVa4i9tCrpc3DvlT4g1PWePOIbXhi/jito7UQQBIrgKGQ4XJwyhVz669oe11Hx5OPJ3acB6ffafaahNfw3syTsJ40iMbxqUO3az53AjPqpDdxaVjW4x086rwdr2mjm11p9yifpljLr9kgryOs8xfQ/ao1h5U9KTOEv1msn/c0TbfswtLloNx1PWm+mx0/b68ePLXl84V1RfKZqF3Z2c9xBqMcF3viid13vGFkGVBGd6GlxeQ1JZi6bh/XlUs2m3SqoyWMEgAH7rShNj8OHtfIBGmXZBGQRBJzB+trx6xxPomtQRNNPYXMUKc3keGRVAJxzJGBXj1ilXjx+rx49jeRnXvwY8mWiTMczWcb6fNzyc2zbUz+4mSm3qOxeQab64KAjy1aGNb8mesRKoaewVNRtzjJzbH3wD1xM9dWomSyPH0cbyOscal5HIVEUZJJ5AADqTTg02e0/JVw7ofk18nsdvqCGTVb8dvq5QDc8zrhbdGPURIdvhnc3fVxhcBUbSWTM5jdp0s27tAvitlcxR+xXrnj9ivXPH7FeueP2K9c8fsV654/Yr1zx+xXrnj9ivXPH/9anRUBSfcVw4fq8ePtcPH44AyTgV48TWtpd3bhLSCW5c8gIkZ/5iDSJ1Iwzk0vKLhTlLwU2ENh5N+L7sAtaLZofprp1Q/uo3NUCptfDx0e95ETqeyq8uG75QisfJAgw2o6oT4x2sePZvk/gVX1Nuv6iHa/mJ1PYi+rl2BDY+T3hCzwfcPupx9NdO0n2Pmr81V9TamIn9VbyZE+ns2hH6m/lzN+2gt7VNlrDHboOW2FFj/mIFQZScs5O/lJkYqOSVvIeUfL3dS8beXHS+EbZi8Fl2Fi+DyEk5E1w+fqY2UH9LUKvLMtcJDvfKPgmJMJCNsMYCRL4Ig2qPYoqKTz5vrx4/b68eO47iWPPZuyZ67SRn5K8eO/d13+fyfuzfwa8eI2nkYlmcknqSSTXjx+7VvjH5a8eP3at8Y/LXjwhvopNbZjw/oivkKs19MngXYRR/NG1LiNzCf6HHS/cXk7e9Pw9UvpZPTsgURL9lvrkjsNBob6SLM/iXVhpXDWsamf60rG4mB+qEZCfZEV1HGeVvIjpvu/yo6ErLvjtpmu5fVbo0uf3ZRS3oNx1PXW+mx0+b68eBHibyu8B8Mas+ka1dXUd/GiSOlvbdsgWVQ6+f2ic9p5jFdSEuVgp0fXotR0q01LTppRYX0Qntd4MTmN+hZATtJ9dcOpkzSFmLEkseZJ6mvHT5vrx4VP0St80Xk/s7YH8t6igI9EMUjfbYUqIiehhfQtWpS24lve5zaW4Pq7Rz9oV2RyA899IHD9vrx4lF7dAACZwByADH+DXjx9933f5/J+7N/Brx4/e7rv8/k/dm/g148IL6Ku7mlk4XjkkZwIrxwGJOMvGO/8AS0uI3MJ/ocF2eTdm/PNRuD8kcQrktRUNA60Zv6KeuN43ePkRa4dJ+In/AF29Z/bfefznevHmeG6cGT9Xjx+rx4/V48ex/JLP2nkw4aPxbRk/dZpBTb1HY6Bd2rfGPy1wUfkmdGDIxVh0IOD81ePHUlzNIAJJGcDmAxJ+3XjxHvrx4S/lg8jvFXF3GB1nRfcgtntYIZO3nWJzLEpQ+aR02gc6UmIlG4ieKOG9S4a1670PU9nu6yZVm7Jg6ZZQ42sOowwpaENWPY2mcVaZPo+n3TJe+/Wls7OLRyuXiTJ3Bum49absO3NyEjt0V/glgreGCcGuHTxppXAOscRcbajw3pHYreW0l0QLiQRJttnIYBjnngdKcuM2zO+OPJdxTwVb2dzrIt+yvnkSBraYS4aIKWDYAx8MYryZ5xseudF1JdQ0PTNQU5W7s7efPiXiUn56QOovQshlVX+Ax2v+lPI/NXDp4utHfhjyixsCYzo+qgHuwsFxg/MtODOjPaMzKJX2HzMnafRnlTY8cb68eJI7qeNdscjIvXCsQM+yvHjm5uLi4tpoHmcpKjIwLHmCPXXjxQ4a1S9k0K0V55O0gDW8nnN8KFinj4AV44j9xTaT65wtrGjSSuw1CzmhUFifP2Fo+R/kxVrqPM8NEEEgjBHIg04MnyvHj0D9C7rmbXXtBdh5hi1CAHr+cy4+WOkSHIDy30kWfisMqtDOMwTK0UynnmOQFXH7qTXjx5d8mWkaPoHlim0/Xo3kk0iS5FjHgefdW596Y5+pBdT44NWWzqfSVUim2vUdOhJrz+QdWp6ndaldGe4PTlFEPgovgPunvrb0aUaasge1arm7sp4p0bP2K8eP2K8eP2K8eP2K8eP2K8eP2K8eP2K8eP2K8eP/16ZKr1IHropgoLlhpOq6g4Swsp7on86jYj92+D89M1a9On4clHzjtOhOp4MWwjsfJdxZc4M6Q2KHqZ5AWH1ibjVfU2zQjpeXkXzk+nsitLW0fK/mCKw8kOnIAdQ1GWdvpo7dREn7s25qr6u3ZvwIpeXMnU9iwXhSb8mQQ6fwPwlYENDpscsg6S3BMzfZ+b81QKu0a89ZPzZE6ngKENIrz5m7HiNNkQESfEjARfkXAqE89SYstD5Xjh+rx4/V48Qahf22n6fc3902y1tInnnf4scSl2PsArjZ1K7seRPIkNU4i8o2vcayW8NxNF20+25Z1RZ792A2snPKR78Cq6buXlONlbkPSHVb99Q9wz2lpGwj7WRoZJ2ZVOQuN3m5JHfSB0voWdgq82YgAek1w6JbXvoj7vT+I77SNN0C0v4LW6e1t7iWW4WSXY+wMQjqvnEcsCl7o25DnVpQidsqpPtUzRqSVWQqN6qTzIVsgZpA4YXHfFq8J8KXuvGBbqS2MSQW0jFUkklcKFYqQ2Au5uXhXUjjdgT8l/lh1XjnWrmwk0S1sLW0t2uJrqCSd3B3KiIBIzL5zNXWrCYyuMrfSRZ+3148eVfL1q51HymakgOY9OWKxQj+SUG//PjNTkdBqWp6O4F0w6RwToOmsu2SCxiaUD88mHbP9lJSGOLQ3N9cOgH5c9VNj5MNUCttkvpLezX0h5O0f7GI0paiZaCw+hl0/tOK9U1I9LKwMa5+NcSKn8xVq7ITA9FdqviKQOH4SAnAIrx48i+WLUFv/KbxBMjbkS6MCeqBRFy/dKcWgzLU9XaNax6fommWC4C2lnbw48CkSg/PSB0udqviK4dPwkB6GvHhJfRQX2LHhyx+PJdXB9gjQfdpUREzV+hqgMXBGpTkY906jhT6IoVH23r0j0NBs76SLOJZhHBNMekMckp/caFvuV48If8AWptV/ZY0/wDVrr+GUvdG98+frU2q/ssaf+rXX8Mr26e3z7+tTar+yxp/6tdfwyvbp7fAPym+U+748uNOmuNNg078D45IkS3eVw/aPuJbtWbpjurqVhLdx4/Q/YTyY2xzjfe3R+TYPuUmWo5HQMdFb8d6w3jev8wFcOknEj/rs6z+2+7/AJoevHmedfIx5I9K4+tdVmvr6ezNg8KRiAIQ3ahyc7gemyp+Gw6qXuyox2MlRasr3GR+spcL/o3ffukX3tSfgEebIP0Xn4qP36ylwv8Ao3ffukX3te+AR5s99F5+KhQ+WHyd2PAnENpplldS3cNzaLcmSYKGDGR0KjbgYwgqHiKKpysizwWJdaLbVsx9+RSff5LdDOfgC4T91uJP4NQ3qWMdA231wUZ3EmsyaNw5qmsRQrcyabbSXS28hZUk7PmVYqQwGPCuo4xceT3y73vF3FVtoNxolpYJcpKwuYZZ2cGKNpAAJGZfO24rrQlSuNjfSRZ+3148eXvoh7UQ+Uu5kAx7qtbWY+k9kEP8wpyOg1PUf3kzvjceTrhqUMSRYRxk574i0X75SGOLQI9+OlcOmVa8L8LWmqvrFrpNtb6tI0jyX8akSs0ue0YnOMvuOeVducsS6vomg63DFb6zYQajDCxkhiuAWCORgsuCOZArx6xbtLe1s7WGztIlt7S3QR28CckRB0VQc8hXDpLvrx48m+W/TzZeU/W/N2pdSJdx+kTxrIfsiacWg1LU9K8M65rWqcM6PqKWNiy3dlbyBmmuAxIjCsWA5Z3Kc0hjiNLTNSa+tWneJYJVlkhkijLMqtGcci3ncxz5148ZfHfFN5wvwpea9aWUWoSWbRdpazM6p2cjhGfMZVsqWHfXkjzdhRj6KfVQQfwsaf8Aq11/DKVuiN8p6b9ErqtiLlRw9YypcTtOqtLcjZvAyow4yOWede3T2+XY/oqdWR1ccMaflSCPfrru5/nle3T2+JbVb1L7U7u9SBbZLqaSZbdCSsYkYtsUtkkLnAzShBVrx4P/ACGa4NJ8pWl72CQahvsJiemLhdqf58C1yWgqLzPVvaDxpsdP3ar4ivHjzv5cbZuH/Klp3EsC4iv0gu3IPwpID2Mw+uVAfbUnC1ejmpcmQ8ZQVWnKHjIZsbJJGsiEMjgMrDoQRkGiGndXBa007M+4rxw/Yrx4/Yrx4/Yrx4/Yrx4/Yrx4/Yrx4/Yrx4/Yrx4//9A/8lVtpNzZ3hms4Jr23lUiaRFdwki+aBuzyyjVsNtzqRlG0motaX5fbMRseMJRd0nJMYm4hdg5IOijkPkHKs/YvLnyunD9Xjx+rx4/V48fmIUZYhR4k4+3XlmeeWpXk1Kyj6yhj4IC1OKjJ8BmWJpriVZNbX8yhJ9LnHzCnVhubGJY1cEKv6InjW70zya3tsjrHLq7pYIqjnsfLy+nBjRlPrprFQjCHWyRs+pOrVz0WYO+QbQjpXk9tp3XbcazO94+fztT2UPzKze2qeRporIKNN1GyFzfX07TZupSsHZQPMOxh8xclenQ1w6fdf4t0vSdB1LVFe5Elnayyxb7WRF7UKRECxOBmQrXrHmzzL5ItGGueUfSI7hlMMMxvbp5XVAVtwZTlnKjzmUD20tjUdT1m00bMWNzbEk5J90wdT9fSB0TP0S+trHo2i6LFKjm6mkvJuylSQbYl7KMNsZvpnfrSoiZssfQ2aR7m4Z1XV3XEl/cpbxN4x2y7m+zl+auSPQG7vpIs+rPHFmaX8iiBkk/SINzfMK8ePHFlHNxVx3ErAvJrOpAuO/FxNlvkDU4M6s9lOVaVljwEHJASFAUcgMkgdKbHiPfXjwmvomdUCaNoWlg+dPPPdsPREqxr87tSoiJnX0OGl3KcMavqMV5cWTXV4kAMBVQ6wR7ueQehlr0j0ENrsdT/Rq//d0+9rgqx1EmopIrtrd+FTz2O9Oi8z9J4CvHrHi3U9QlutYu9R7RmlnuJLjtW+EWdy+4+nJpwZGl5NPKb5TuI+OtK0q+4mv5LO4lZrpQ68440aRhzXHPbiktCk3cf3Y6n+jV9+7p97SRyxDp13eSXd9DPeXF1HauIk7dlYbsAlgAq4PPFePCK+iYve04m0ezz+VrDeR6ZpnP2lpUREw+8hl3p9l5NLBJjcLLNcXUzCO2kkXBcIMOpwfyOuPU7HQYUF7a3Ks1u0jKpw3axNCc9eQYnNcFFPiK5aDhvWJlBZo7C6KhQSSewYAADmTXjzPGn4Eat+wU/wCpP/ApwZPv4Eat+wU/6k/8CvHj4NK1QkgWc5K8iOzfl81ePEM9rc27BbiJ4WIyFkUqSPHBxXjx6c8hsN9+JlpzRand2yNcXTCGFlCA9pjIBU9cUh6jkVkHllaLa9se2knkuJDNNLKQXZ26kkY61wUV+JWY8M6yFyWOn3QUDmSTA/IAV5HmebfJx5R+MeA7e+h0vSEuVv2jeQ3MM5IMYYDbsZPjVLo4h072K7FYKNZq7eQY/rSvlL/Zfs/1C6/htPfD5ckRfoRT5y9/Mfv1pXyl/sv2f6hdfw2vfD5cke+hFPnL38wuvKVx3r3GerWuoazYxWNxb2/YRpCkiBkDs+SJGY9WNR61Z1HdkzDYZUU0h9eQqXPku0wfEnu1/wA+7v36o8tSdHQO5bmGGMyzFhEvwiiGRufLko5muCjF4n1DS7vhfWrUNdEz6fdIubOUDJhbGTnkM99eOM81eRm7jtfKboMspYR9s6P2aGRsSROnJBzPwqW9BqOp6pi1XT5plgheftnBZVlt5IlIXm3ntyz6KQOljfXDp55+iXtdvFWk3n7EaeEJ9MU0g+01LiNzGV5C7zt/Jhpik5a3muoT6AJd4+aSuS1FR0DzfSRRT1p70aJqTWEzW98lpO9pcRnDxypEzIy+kEV04xCeTHys+UDVePdF0zWdeub3TbyfsJ7ad17Nt6MqZzjo5BpTQ3Fu56L2P4p+qx/fUgcPmx/FP1WP76vHjzv9ExpjQ8VaVqJK4vbAIdrK3nW8jLz2k/SstLiImMvyHaobzyZ6YGbdJYy3FofQFk7RfsZa5LUVHQKNKzDf6pb4ITtUnjOOREi4bB9a1w6c8V6d+C3CutaYPhXdjOifpwhdPs1FeR5ni2nBk/V48fq8eDfyieTm54P0vhqa5DC61W0ea9VvpJ1cMYwO7ZHIgPpzT9ajuJdZDwuKVWUraRYEUwTCazu57O8gu7dzHPbyJLC46q6MGUj1EV48e0bK6vdSsbXUodcvmhvoY7lDvTpMgf4vdnFNjxN2Op/o1ffu6fe149YWX0QWgXV5wTDqkl7cXkmkXKnE5VtsNyOzcrtA+nVK7FiZLI48meq/gnwZp8jHMtsptZfXD5q/Km01udmVt+hHmsuwG+2aHR4mS4PPt9oUYqwKs/Yrx4/Yrx4/Yrx4/Yrx4+4rx4/Yrx4/Yrx4/Yrx4//RJvJffG34kNuT5t5C8e3uLJ74D7ArVu9s0t6jfxX7Ae7IqbtW3jL2jdrKmnOXdEGXYIPqiBXUm9BMmlrkVZNVsU6OZD9QM/Pyp1UJsYliqa43K0mtn8yhx6XP3BTiw3NjEsdyXaVpNTvn/NNg8EAFOqjBcBiWKqPjYrMWc5clj4sSft06lbQYbb1PlePH2vHjzb9EhqdxrfHGicJWZ3PAq5UfsReuFUEehFU+2qnaE7yS5Gi2PStBy5v1Dg9yjTtIXT9OUEWVstraKDge9oI1OT6t1VhenFk95ZWkNpFYRypCoXtTcMhY95KhSBmvHhd+X7iS5t+CYtLktUt5NWuVGUnaRjFbee/mlV5b2SuxEyeR5xpY2fq8eP1ePHrzyb6V+A/AOh2JUpIbYXM6nr2lyTMc+xwKbY8tAk3146DflK1j8CuANeuwxSRrU20LDrvuSIRj2Oa8jj0EP5BdM92eUaznb4GnQzXh8NypsT7OQUuWg3HU9E6wEuLjTrN1DpJOZpEIyCIVyMg/VNSBw0y/OvHTzn9EXqZueNrayDZj0+xiTHg8xaZvmcUqI1PUbHkasGsPJro6Eefddtdnuz2spC/YoK49RcdAwgvLW5j7S2l7WPJUttZRuU4IG4DOPEVw6Z3FepHT+FNbvh1trC4Zf0xjKL9kwryPM8aU4MjQ+h2tO149kuSuVtLG4fPgz7Yh/M6TIVDU9IK2WA8aSOmbob7oruf8/upXz6A20farxxHnn6IC8Fx5R7hAfyra20PqPZBz870uOg3PUefkshFr5POG4hy3WolP7lkd/wB+pDHI6Glw85Ondoesssr/ACua8eRpiQggg4I6GuHTv3XP+eN8prx4qHXL33ZPaQ23bm3CF5WuHjz2g3ABQrdK6cuc6c19HPezze9NdzdqI1kLhRtAxuOCelePCA+iRuHl44s0di3Z6bCBk5+FJK33aVERPUaXkUHZ+TDRx8ZrlvluHrj1FR0DffXBR8MoQF2O1V84sATgDvwOdePHUd+0qLJDM7xOMo53ISP0rYI9tcPHXuqf88b5TXjx+91z/njfKa6eEJ9E0XfWdAkZixNlIoJOek7fwaVEbmGvkEmz5NYFz+R3t0Pl7M/drktRUdA51Xz9Lu18YX+1XDp8iY3Gh9mTntrFk/drcr92vHjyb5Obr3Jx9w/PnGy/twT+mkC/dpbGlqevnchmUnocEeqmx453108JT6Ji3LRcO3fcvuqAn2xuPtmlRG5mz9DneNJwTqFuT+VtQJUeAlhU/bQ1yR2Gg0jIqgsxwo5sQCcAegczXBZ+tJra8VGhftba4BVZMFdyt5p81sEe2vHjx1p+3SOMbcSAbbDUEEitzBEUwDA+wU4M8T15No2iiZwtlBt3Hb5g6Z5U2OnH4D6N+wMH7oK8eFR9ETodjHw5pGoWtukTQ3ckEpjUDzZowy5x6YjXYiZo6+hr1MPouuaYT50FxDdKPqZUaNvnjWvSPQHFvOMZ5CuCzqKULKrMMqCNw8R31w8eNeMNKbSeKtX00rtFpdzRqPqQ52/Y4p1DLMevHBl+QTgYcT8bRXN1Hv0vRtt3dZGVaQH3iI/pnG4g9VUipWEpb8+pFftHEdHTstZZfON/6JzRPdnAUGpIuZNLu43ZvCKcGJvsylTcdG8L8ir2TUtVtzR5VqoNIfq8ePUvkR1z8E/J1Yxu+6bTJJbKT0Kp7SL7CTHspD1HYvIOt9cFFHiDSk1rQNS0d+moW0kC+hyuYz7JAteOMRXkM1J4rnVdDnyrjFykZ5EMh7OX280rS7CrZyh5/f0GP7pqGUKn3V+tfKN3bWjuZE/ba9c8ftteueP22vXPH7FePH7FePH7FePH7FePH7bXjx//0vunX0+n39vfW+O2tpFljDdCVOcH0HoaJtamqkHF6MFlKo4SUlqhqabxM+sWYuIZio6TQDClH67Tj5j31mauDVKVmi8jjJVFe5KeZyeZ8Tzrgg/V46fa4eP1ePH6vHj7Xjx+rx08mXuvtonl2vta4ssZjLBdyvDbRuqkZTZaNvYMCipsOaz+Ju5u5sMDuqlHd0sMw+WPRgcHRLzl/KiH7yo9ibvH78WTRf0FvP3oh+8r1j28Kfy08UPxJqWnXkFrJa6dbQGCOKV1kbtS5eRiVCjzhtx6qUkIk7i3rok/V48S2xgFxEbhWa3DqZlQ4YpnzgpPfivHj00vln4ekRHg0S89zsq9j+OYfyPGFHwO4Uiw7vH38WTRf0FvP3oh+8r1j28Bnlb8oMXEPCH4H6fp89oq3Mc9280qSBo0VgoARQfhuCa6kJkwc8inGOk8NX+qvd2U15dXkCR2/YyJHtRH3yZ3hsk+b8ldaORdhjT+WDShrltO+jXXucwPFGPdEW7tS2489uOmKTYVvGh+LJov6C3n70Q/eV6x3eEN5StVfV+NtU1MwtBHdyCSCF2DssWwKgLDAOFXupSG3qOjh7yt8P2vDmmWdpo92Y7azigif3RCBujj2Ekbfjgmk2FqR1oXlg0iPSoIX0a7MsWUlK3EQG4HnyK5r1jykZvlB8p1nq/BWq6ZY6Xc209zGgM0s0bqI1kV5PNVQTlVrqR5yyEBShsZXkT4w03hrUNWe7sprya7t40hEMiR7VSTc+d4bOfN6VxoVF2Guvlk0UMMaLeZ7vxxD95SbC94zdA8r+kxaYkMujXTTRu4kKXEQGdxPQrmvWOKQl/KVqy6vxxquppC9vFdyLJFDIwdlTs1VQWUAHkKUhD1HRw35WtDtOG9Ks4tGu2FtZQwK4uIQC0cYUnG3kNwpNhakfdB8sGkR6TBFJo100ke5XKXEQGQfArmvWPKRofiyaL+gt5+9EP3lesd3j9+LJov6C3n70Q/eV6x7eM+z8sGlJrGos+jXRSQRNGBcRbgAoHnHbivWObxofiyaL+gt5+9EP3lesd3hMeWPiO34h4uTULe2ktIhaQxCKV1kbKbsncoA5k0pIRJjF8nXlO0fSOCNK02XSrqeW2WQPNHNEiMWlduSspI61xoUpZBF+LJof6C3v70Q/e1yx3eOZvLJovYybdFvd21sZuIcZx+lr1j28RWHlk0f3FD2mi3hk2+cVuIQM57srmvWPbxY/Fk0P8AQW9/eiH72vWPbx8/Fk0P9Bb396Ifva9Y9vCs8t3GFjxLd6O9rZTWfuWCVHE8iSFt8m4EbAMYpSQiTub3kh8oVhw/wg1hdadcXbm7llSWGaONdrIg24ZSc5WuNHYsLr7yyaN7huMaLdg9mwBNxCRzHfha5Y7vHzSvLDo8OnWiTaLdsyQqJCtxCAcLzxlfCvWPbx560e6WHiOyu4kZlivIpUjBAYhZQwGemaWIPR8vlm0RpXYaJeAMxIHuiHvP6SkWHN45/Fk0X9Bbz96IfvK9Y9vC+8tPHul8R6Fptpb6fPaTwXTzCSaWORShjCsAFVTnOK6kJkyDyKcbW/Ddhq8d1YzXkV1LC0XYyJHteNXDZ3hs5DCvNHouwx28suiKrMdFvMAE/liHw/SVywreKXD/AJX9Mi02BZNGui+92QpcRAbWcleq+mvWOKQhOK7201LirVL2wheG3vLuWWCFyGdRI5bBK4B5nupaEM9Dw+WLSUghSXRrtpo4o0lYXEOC6oFYjKdCwpFhzeOvxZNF/QW8/eiH7yvWPbwIeVfyk6LrnBc2mLpdzbXEtxDJbzSTRuoaMktlVUH4BIrqQmTyBTyK8UjhzV9Rup7WS7sp7YQyRxOsbdp2ivGcsCOW1q60ci7Da/Fk0X9Bbz96IfvKTYXvH78WPRf0EvP3oh+8r1j28JzipY+PvKoYdBtpLeXVpoYWSZhJtlVFSaQsgHmLsLnl0zTtODk0kR69VQi5PRB9+sn6n+zFB+8z/wAMqd9D3zKj6MrxfSN7yX+Ty14F4bGlpKLq8mlae9vAuztHPJQASxCqgAxnrk99TaFFU42KvF4l1p72iL/lA0T8HOCdb0sLukubSUQjr76i74vs1FLrR3oNCMNU3KkZdZ4XrPmxP1ePDY8inGY4astVW9s5ryxvXiaBYZEjKzRbgzeeDkFWxSWhcXYZP4smh/oLe/vRD95XLCt4/L5ZdEVgw0a9BXnn3RByxzz8GvWPbwp+F9Rj1LyxS6lw5aSx6ddXE8z28rBjHBKD2hZlAGA7ZX2CrPZW908d3z+QpNubjw0t525eUeeK2QPT9tr1zx+2148fsV48fttePH3bXrnj9tr1zx+21654/ba9c8f/04cUUAUFzSdUutMvFubfn9LJEfguvxT9w91M16MakbMcpVHB3QytO1G11G0W6tmyjcmU/CRu9WHiKz9WlKEt2RbwqKSui0KaFn2vHj9Xjx9rx4/V48fq8dFZ5ePJd+GvRPwX0yLdxBpiEoqjzri3GWaHxLLzZPTkfTVDxdDfV14SLLZ2L6OW7LwX6Dz9wzq/uuD3JOfxzAPMJ6vGPur9qqU06Zt146VL9bW4gls51kKuoyyRs+D9KwKg8wa8eAe9sWtEVZQyzMz8mBXzFwFbBAPnHNdEn7TNJ1TVbxbLTLSa9u3BKW9ujSSEKMkhVBPIV2MW3ZCZzUVduyNv8TPyifss6n+8k33tOdBPkxn4XS8aPaT8L3s0bS6Rdq0VxAzdnHICrKVPvkZB5gqeePXTTRJi7hDXDpDPLBhoZkd0kUhwqM4KtyIyoNePAM4n0nVQybswvujLqVLJ3ZBA+EK6JDpGtLqKKUoJoHxKikkermpBBFcFEB1nSMn8eRfKf4FePXMPiqXTbuCKe3uY5J4jsZFJyUbn4dx+3XjjJOEdSj7F7CVwrht1uD37vhKPkzXmeRpNe2dlqUsc06RpOolwx6N0Of01eOkx1jRWBV7yIowKsMnmDyPdXjwBXMaRXEkcbiSNWISReYYA8jXRJa0S9FnqcEzHEe7bKfqW5H7ea8eQdQ3NtOheCVZUB2lkORkd1cFET3+j20jxtNFBOWzPlmyzHvIOQPZXjwMcVy2U9zBPbTpMWTZJsOcFTyz7DXUcZp8OavYx6VHFcXCRSQsyhXJBKk7gR8tcPIs2eq6XFLcxm7jEfaF42ycENz5cq8dNGGeCaMSQyLJGcgOp5HHWvHjvI8a8eKsmoaNDM/aTRJdjzZHLNuAH0pHwa8ePn4MaR+xkXyn+BXjwP8ZoBd2z/GiIP1rH+DXkcZq8NSxroUbOwVI2k3MegAOcn5a8dRb/AAZ0j9jYvlP8CvHj8dY0YjDXkRU8iMnmPDkK8eOoNR0mR1gtZ4ufKOFGY4A54Bbn8prx4/S6ppkMjRy3UaSLyZCTkH5K8eOfwZ0f9jYvlP8AArx4GeK7y2ubyE28qyokWCy9MlicV04zV4e1HTbfSIo5rqOOXc7MjE5GTy7vAVw8jQbVtCdSk1zDLEww0ZZgCPWuDXjpFd6zpSWU/Y3UbOImEUak5ztwAOVePAtw4inV4HcgRw7pXY9AEUnJrpxBf+DOj/sbF8p/gVw6fvwZ0f8AY2L5T/Arx4GeK7+C6vIVt5Fliij+GvTcxyfuV1HGbmgrDZaHDJM6xq+ZXduQG84XPsArh1HWoaxpptHSK7jZ5MJyJ5AnmelePH261rS7ewl9z3UbyRxlYUUnJbG0d3trx64M8M2nunV4iwykOZWz9T8Efu2K6cQXPq+lKxV7yIMpIYEnkR17q4dPn4M6R+xsXyn+BXjwMcU6lFd3ccUDiSCBeTr0LNzY/aFdOM19ButJstMjje7iWaT3yYZOQT0B5dwrh1G0kkbqrowZGG5WHQg88148Z19r+nQWkskFzHLOBiJFJJ3HkD07utePXGV9C/wSxN7xjeJkndZ6aWHPPIzyjPsQH9MKs8DS+qZQ7WxGlNeVnoWrEpD5XTxT1PU7fT4O0k86RvyKIdWP3AO805SpObshqtWUFdnhrjDTTpvFOqWW0IsVzJ2ajkAjNuTH1pFZ7FUujqSjyZssFW6WjGfNfbKljYG8XZGGMqyLvKgttjbILbVBPI0wSg5tDbRxx2tukiRxLhN8bIMDvJYDmTXBRYrx4wOKNVaKMadbkmecDttvMhD0X1t9r115I43Yb3kw4IHDeiCS5QfgtfBZLsnrGuMrCP0v03p9QrY7NwfQwu/Dlr8wPtsbQ+EVLR8COnX1+/AM9tWJTn7bXjp+2148ftteOH7bXjx+2148fdteOn7bXjx+2148f//UixRPBQfcVw8X9G1i60q7E8PnRtgTwk8nX7hHcaYr0FUjZ68B2lVcHdDJsb22vbWO6tm3xSDl4g96sO4jvqgqQcJWepbwmpK6J6QKPtePH6vHj9Xjp9rh4/V48eZvL/5NpeHtYXjPQ4+z0+7lBvo0HKC6Y/Dx8Sb5N3L6YCqnGYfde8tGaLZmM3luS8JaeQDbTX9LuLaOWS4jgkYefExwVYdfZ4VALi5YTXdOjBEeoogPUK7Ln5K8euYvFEmm6hALlL2OS8hGObks6fF59691eOMZX0Kug9trusa46+bZ26WsJPx7ht7EekLFj21Y4CGbZTbYqWio8z0rVmUB5n+iN4Ek0XXrfjTS02W1/IFvgo5R3ajIfl3SqOf1QOfhVV42jZ7y4mg2Vid6O49Vp5AMt9d0qaCOVrmOJnUFomOCp7xVeXNyZNd06PPZ6giZ67XK5+SvHrmHxXNp99AlzHeJNdQ+YRuLM0ZPTn8U15HGZ+l6wbexmt3bBVWMGfFhgr8vOunrnqnyQ6N5Gbfya6AutQ6DdarLbme8mvI4JJ980jPtdnUtlAQuO7FZHH1q7rS3W0r8ydSw7cU7PsDex0DyIahcra2Gk8O3d0wLLBDbW7uVUZYgBeg76gzr4mKu5St9kOfB+at5hT/RMcKcMWOnaNDw7pFlpeopJ7oD2dvHC0m+VIEjYoBkbmyM+FWOx8ZUdTvpNx635xNTDro5S4po0PJp5E4+FNS1XWfKgmiXdrcRRW1iJSJ4Ul35bImjUKxCgDHppWN2r0yUaO8nx4fKNUsO+Vw/Ok/Q/AEmw4YAHMnsbb72q/psV40vvQ/8H+tfYKL6IPyIyytPxdwxaaZpvD+nWCNcWlviBpNpLGVIo02MW3+PMAVZ7K2pn0dRtyby4jNahkt3XO5vfQxcAcH6j5NzqWuaHY6nc3eoz9nPeW8czrDEkaBVLg4XcGOKa2zjKkK27GTSSWjE0aacRD8Rz2Wmcaa9b2wjtrCW6ee2gQbUjV2LLGqjoFVsAeFX+BqOdGLethOKpqFRpDk+hg4R4X4g0/ifVdb0iz1XdewwWrXkCT7AsbM2zeDt3b1ziqfbmKnTlFRk1lwPUIKWoBcX+S664r8tuu8OcIw2djGge5ht2/G9vHFCFjYKEVsZbngDvqVhdoKGFVSpd52FV6Fp2XJMe3BXk78mXCXCOlaJxnZaBLxHDE73k9zHDI8naTOysJJEDMoUhQT4VS4jG1atRypykoeWw7Tw7tpcILTh3yF3lwlrZaRw5dXUuRFbxW9uzsQCeQ2+io8sRiYq7lL70L+D80+w8scd+T3ivybT2EOsy2bWGqS3DWvuWRpCqxlc7sqm34Yx1761mB2hDEJqN7xtchVabi78Lg/Df3N9e2Wn6bJG95fXEdtEHPmhpWCLu8BuI51NnNRi5PRK42s3Y9G+THyPaRwZZ6vc+U630K7m1C5i9wzzhZ0Tar70Vpo1Klic4HhWVxu03WklRclbXh8pLpYdvhc0/KB5MOBOM+C77TuALDQYtbWWAi8t44oezUPuZWljQsu5QeXfTWGx9SjUTquTj5bi6mHy0seU+PtJ1vQuJLrh/Wmge/0thFK1sS0ZLor8mIUnkw7q1mHrxqwU46Mgyi07Mq2GoRxaPcW7OFdt+1T1O5RTxw9heS/gXycyeS3hzUtV4d0qWV9NjnvL25tYWY8iWkkdlyeXUmsVjsZVVeUYyku+5k6lSTiaY0z6Hwj8o8MfqFv97TfS4rxpfehz4O/FfYAflT8iqcVT6PrPk0t9EsrGziuBdSw7beOV8jGOyjIfaARz6VPwO1ehvGs5N5dfyjFXDu+SsDP0Kug8OcSS8WT8Q6RZapJGbJofdcCTCMv2wbZvDbd20Zx4VJ27iJ09zdbV76eYTh4KVx0XnD/kJsrmS0vdJ4ctrqIgSwS29urqSMgMNvLkapY4jEyV1KX3ok/B+SfYRfgX9D7+wHDP6hb/AHtK6bFeNL70e+DvxX2CO4q0jgab6JTh2x0i00+Th65ay7aztY4zaMxDB1aNRsOcDPKrulWqLBSk295XzuRpUrVLNWPQGpcF+RzS40l1Ph7QbKKRikck9pAiswGdoJXrjnWfp4vET0nLtJPQJ6K5RXS/oftyj8D+GSSQAOwt+ZJwB8GnemxXjS+9Hvgz8V9h508sHkV4m4Qn17iuEWEPDd1eyRWltbu3aRQXUjGJBFsCoFXzcBuVaHZ204VVGnnv7ufmIVWk458B9+Tbyf8Ak3n8m/Dt7f8ADelXE7abDJd3k1pEzsyp58juVJPTJJrP4rHVumklKS758esmdAll5PUXBpX0PRAIsOGCDzB7G3+9rnS4rxpfejvwd+K+wX/lZ8hNlxu2kX3k0h0W0s4Fnhv3tytvHJJuUpjso2DFeYOelT8FtXobqs5N5W4/KMVcO+VhN8BeTrjPyh3F/pOnSWcEejmL3aLh2i83cyAJtV92Nh8KusbtCFCKbv32gzSpOT6rnqy64b8h+nyraalo/DtpeoiGaCW3t1cFlznBXoe41lI4jEyV1KVvsib8HvosvIYnF3AXkq4q4X1XQuEbPh+PiK6ty2ny20cMciPG6tu3om5VwMEjxp+hjK1KalUlJwvnncRPDu2ljzTrPkz424M4x07hO4azbU9cWE2s0UjPCBNK0S7nKqV2spLeb0rS0do0qlKVRX3Y6kTopb27xZ6L8nPkk4R4L4OFt5QbDQ7rUDdO34JXMccwPaAbYu1lQNy28hWbxW0alaq3SclHlexMhh1ZWV3xCH8DPofRzNhwzgfyRb/e0z02K8aX3oV8GfivsPPHlZ8gHEGhXWs8U2z2MPCsl+GtIoZG7SK3vJwsI7LYFCp2gGA3Sr7A7XhNKDu6m722RElQdx36D5OeBdY8kQgi4f078E30u4tFvhbRe6PdMMbxrL2u3d2m5Q27Oc1RfRCqqybk7b19ciZXw6i2keV+FbTWOJb7TOGNHeJL+/3QCSdikaDBxuYBtuR6K2OIrxowc5aIr4QcnZHqzhTyXeTvhfgyx0rjTTNEN+O1tzqc0UTPMXy2e1dQ28Bj6gBWPnj61Wo5Qk0uV9Ce8PF+Cr5IwPoebzfwFJpvaiYaNqF1ZJMnNHXeJQyt0IPa8qJuAnvUkYfatPdreVewZ1TStKep6nBp8G+TzpG/Ioh1Y/cHpp2lSc3ZDNasqauwLu7me7naedt0jfIB3ADuAq1hBRVkU85uTuzz35c9K9y8XRXqjCX9ujMfGSImM/YhazO2adqu94yNt3O1t6g4+K/Xn85i8Ly6bp9sbh72OK7nGGw5VkT4vLxPM1TmgRsvrunSY7TUEfHTc5bHy147cr3ev6Zb20ksdxHPKo97iU5LMemfR4149c2fI7wZLq2pPxTqil4IJCbMOPyS4B5yc/pY+76r9LV5sjB7z6SWi08vsMxt/aO5HoYvvpa9S5ef1eUd22tKY0/ba4eP22vHj9trx4/ba8ePu2vHj9trx4/ba8eP22vHj9trx4//1Y8UTgUH3FePH3FcPGnoWt3Gk3O9cvbSY90QfGA+mXwYVGxOHVVdfAeo1nB9QxbW6t7u3S4t3EkMgyrD5wR3Ed4qinBxdnqW8ZKSutCaknT9Xjp9rh4/V48fq8eKuqaXYarp1zpuoQrcWV3G0U8LdGVhg+o+BHSuSimrMXCbi01qhQH6FbgzJxquogdwzB/CqhfAIc2Wn0Yqcl6T9+srcGfotqPywfwqufAI82e+jFTkvSfv1lXgz9FtR+WD+FV74BHmz30Yqcl6Rh+T3yfaRwNo82l6bLLcJPO1xLNcFS5ZlVAPMVRgBKk0aKpqyIOJxMq0t5hRTpHMziXh7TeI9CvNF1JC9nexmOTGNynqrqTnDIwDL6RSZwUlZjlKq4SUlqhT/rKvBn6Laj8sH8KqH8AjzZZ/RepyR9/WVeDP0W1H5YP4VXvgEebOfRepyXpP36ypwZ+i2o/LB/Cq98AjzZ76L1OSFTZeQ/ibiLVtcXhBFu9I0jUJNOW4u54ond4up57QfHkKzuP2lQw1Tcm32Giw1OdSClbUyZNd4n4Jubrhm8gt3n0+Z0cNmQKx5kI6MAyk8xTDwtLFJVU33yJsMVUorct2jh+hl4h1LX+KdWu7qGGOHT7HCtGGB33EqqBzJ+lVqo9uYaFCnGzd5P1EmjipVXZpWN7yns2teVzhfRwcxfghp6Sr197g3Xcw+YVGwEtyjOfKEvTkh2vlBLnL1Zhz5WNJ4j1/QYbXQ4Iri5Sdrh45pFiQlUIjGWxnzmqvwVaEZ9+7IditxNrW2Qno/Jp5bXkRZtI0xYiyiRhdRnC5848pD3VcvFYLhOfZ7BlYiv4q9I3vLJqUdp5P71FPvbtHGAehSMFyMepKp8BedVIehG2b5Mz/ACHe57HyP6HY21xC99La3NwIBKhk7SeSR1yoO4YyueXKpe11N4iUmu9ulciYaPeo86caeSPjz8P9npM1tANQ4haV9NRbiNlZYF84u/IL5q551o8FtKisO5Xyp2vlzI2KpylVb56eY9EeQnhS88n/AAbJpfEUttZ6jdX8l0yG4iKmPs441IYsAfgHp0rO7UxHwqrvUk5RUUvWSKFJwjmBnkVc33ls4z1VuZt7QxK37XnQ/OFqTtF7mDpx5y+cXJXrvqSRueVzhHyja1xPHfcNWFpd2Yto4ne6nSNgyZJAUsh+mqJgK+HUGqsmnfgh6U5wSUVcpeTHgnyn6XxpZ6hxFp1jbaXBHPvlt50kkDtEVTCq7H4R8KcxuIwrpNU5ScstUJVWrLKSVjN+iegj1jiDgrRnYol1M6O643KskiqxGe/FWfcnT6Sq1z3UQNr1eiw7mtVd9iF9f+TSHhnirhN9BlkvdUutUgFvBdsgiLROrruKqmBuxn0VtNu4Knh6Dld2ad+wzGw9qVMVVakklG2h6diWfU9PZOPbXTA63Bazh7RexIC/Cy7/AA+Z7+lCm95fSU9Mzc2UfBbOJYF0vTnbgOx01ruaeIXiLIvZdmAcsxR/hgHzRmvXal9Ova2R1Le1bF39EZw7wM3Auua3DZWJ4naa17S9VlN2T2qI+4Bt3wOR5dKtti1a/Swi79Fn5NGQsTSjZvj9oCtf+h54S0/gK84lg1K/aeDTzfRQyGHYX7LeqsAgOM8utEOWEiob13oZOG0ZyqqFla9h4+TT3K3kn4ZguwjWr6PAtwshAQxtH5wcnAxg86FOPk/hM7a77Nnh494n76Ew4d8mOOVlpGP2rD/DK5bE8pDu++b9/MfNTfiDT7G3tuBrLTX0oRTmdWkARXOT72VbBzz3emuQlFSfTX3sj26pZtsTP0HsuyXi5T1KWR+ymq+7pnbo/u3yEDBK9/fmPHUtH4Dur6W41O102S/kIM73DxrKSAANwZ1PTHdWfp9O4rdT3SfdrK7PN3lu4ri4b4/uNN0G1svwNFtbyRrF5yBnjy+Cj4+FWm2bs/paKlUclK7ItTHTg7a+UC+BuIbnUvK3w3qdwqRye77RNseQoCuqd5NT8Xh1Swk4rxWR4VnVrJs9F/RM69d6RwXp97bRxysupiNhKCQA8EhyMEfFrMbEoxrVXFv6m/pRMq1ZUlvI85WPlM1Wa9topLW3WN5Y1ZlD5ALDJGWrSVNlQUW03oNQ2jNySssz039EYvuryN6wR5xjeynB9HboCfkesxsOp+PqPXf1CsXT7x+/E0vIreLdeSfh4P5y+5TC6nmCASpB9hpjab3cTNfXEiCvFPqRoDhzyYqNosdIAHLHaQ8sd35JXLYnlI7vvm/fzEk7XumafBDwDaabIguC13B2i9koZc7gUfk5IGcnpSU7S+nX0yPbql4TYn/oc5b2w484w07UIUttQaef3VBGdyJIkuSqsOqqQcGrjbjTp05Rd47uRHwq72S5SM36JHivUtC4/txb28MkN5p0EoeQMTuV5IyORHxad2LhIV6LbbupNeo5VxcqT3UkVvofuNbvVePYBdRRQlVaNOyDDImRgc5J71Fe2xg40aV4tscoYl1lJNaBb5fl9z8ecEasqglory2L+DRFZUx6ffDUTZct7D1Y8t1nlHdrR67+oMvLnqFwvks1DU7RElltmtLxVfJXa0qqx5Ed0lQtlxU8QoS43XoO1JOmt5cDy7pnlIvbvULe1vYLeG1nkEc0q7lKqxwTlmIGM99aqtsuMYNxbbQzS2jJySaVh8ca3flN4g8k9/Cmm6ddaRcaesqzLJtm9z22Je1AL83AhzjvqiwVShTxEb3Ur246vIdxVOO47XuFXkP1pbzgwhGyI5xKv6W5iWX7ZNQNox3KlvfJkiSUrPmjUsuD/JVpN8bm00rR7C+jYEyK0UcqMrB+98qQQDXZVsVViruUojEKcYPL1ewX/wBEBqPlIXhPUJksbF9AtZxImoxv+Oo4ZMQxuE3cy3a4JA5dan7IWHnVUXff5c2s/kE15OnG8dWs+oK/Jnp/DujcJaZomkXsF20Fuss7QyIzPJJh5JWUEsAXblnoMCinQUYxSQOMXKUpuUlYINT1OGwg3t50zfkUXifE/UipdKk5uxBrVlTV3qB1zPPcztPO2+Rup7gO4AdwFWkIqKsinnNyd2RbaUIBnjXgDSuLY7Rb6aWBrMuY3h25IkA3A7g3xRUPF4KNe282rFjs/aU8K3upPe5gr+s/cM/ohe/LF95UL6C0+cvQWXxlreLH0/Ofv1n7hn9EL35YvvK99BafOXoPfGWt4sfT859/WfuGf0Qvfli+8r30Fp85ej5j3xlreLH0/OMfTtNs9OsYLGzjEVrbII4ox3Ko+c+J76t6cFCKitEUFWrKpJyk7tljbShs/ba8ePu2vHj9trx4/ba8eP22vHj9trx4/ba8ePu2vHj9trx4/9bnFE0FB9xXDx+xXjx9xXDxr8Pa7LpVwQwL2cpHbRjqD8dfSPnqNicOqi+uQ/QruD6hhQzQzwpNC4kikG5HXoRVHKLTs9S3i01dHdcOn2uHj9Xjx+rx4/V46fa8ePtcPH6vHj9Xjx+rx4/V46fa8eP1ePH5s7Tt5NjkT41w8JbyI8TanompXfk/u7CFdXt9SuJ9Su2ldXcSLu7dEICsNqDHoIPfQy7pME1N1Gm3ayt7+cJGy6kJ0rp5cvfsD3VfJL5NtWu2vNR0SG4unzvlM0qk5JY52yDvNUFHH4ymt2Lkl9j7CwqUqU3eRQu7bhXyYWHb8M6LBFJqsqx3KNPLhlgRmDFizkbdx9HOnYzrYqX09yaissra+Y9TowjfcyBDhO9PEnltstUk7MPa2d9qTxRuHSMyqlpGAxPdu5ZqbXpung5RinnKMfw4bq234K+ib+QPeMvKLNw7qcVlFZwXQeETSSSzNHtLMQqjby6Lmq3CYNTi3NSTuSWr5plHh7yq3usa5Z6YNOtIxdSbXkS5ZmVQpYsFPI4Ap6tgYRg2lK4m1s971GT9EZqXYcErDuGZO2bkQeqiMdP2pTmw6MunW8mhvESSpya5Cs8mXEuvcAarpsGraTA631tP+B1xLLt5SBZCpaMtj1H41arbuxnu78752dkVGytqQr3pRfgv31PQd4ulzWFnxtfafC2taZYvcWbdoxEXbRHdGhzzDB8ZxmsRFVFJ0o7ypylnlwT5l21FtXeaE15TvKJf6u2kSx6bbNdtL7ht7RZi4ZpjncScEHcAvhWh2XsyM5uEbq/2kR8Xifg1Nzbv7F1G79DjBffgvxvqF9GkF49zb2s0KuGVHj7VmUNk5xyprulw86XR0Um9zev6CNs/ERrXq8JWaC3X/KxcaVrd7pqafbTJaSdms0lw0bPyBJ2jl1PdVXQwEZQTkpbxZWvne3YX+DPKHc8SanPZvZW1skMJmMkU5kbO4KBhuWOdN4vBqEU4KTdz1rasXnlklNz5YuDbTOexjMuAQemX7v0ta3uIpNTzVu++QzndRNLCu3J+tIpcf6k2jcUcF60Y1misdRYtG7FFLuF2ZYdPgmtn3VUukw9uFmZLuRa6aSfG3v6RraW+lcd6FDe63p1uywXEywQpMzopXCl92VOSKDlaFSjO1JSs0uAUU1HVnOp3Ol8C2NsNF063VdUvY4ZomlZF3Mu0PnLHIHICu0oTrSfSqWUcjzalowM+iI4d0Cy8n+rarbWcaapc3cAmuwxLtvky5xkjzto7qsNhTqvERjK+6k+HURMZP6U0n73QS+UJex8jerJ02aTs/wA9haKtb7jfkB1hvudfZGpwJbQXHky4esblVktptHtYpoiwAZGgXIODnnQYxqqfCZySfhvh1hKw7ioLPgvUffxOOBB/IRB+qN9/SfhOJ+u7B/pFzM/iPie14Ft7HS9L062NlPHPIsUk7RhDu87bgnO4tnnT+Hw7rNyqKV8hL77Rir+hKkxecV8wN0VmeZA/NJfGrzuohJqnZN+F8hV7Pau79Xyjt1LgzhLU76W+v9NhuLybHazM5y20BR0YDoKzMKuIirLet5C2348zHvfI35Lr24NxdaBBJMwALdvMvJRgclkA6VKp7SxsFaLlb7H2DFSjSm7yzYl/Kfwnw7wj5XeDo+H7JbC0mazmkiR3kBkF4VZsuzn4IHfWi2fiK1fB1elu5d9qrfUkCcIwrR3dPaeieK+GeH+KLL8DdetEvrFJhOkLSMmJFDKGzGyt0YjrWTw1XEUZb1NSjK1tCxlCnOKUgWXyGeSRWDDh+IFTkH3TcdR+5amva2O5y+8r5hpYaiuQM+Xrjt7PhrXOGGs4Hglt7ZI7jtj2o3ujr72OXm7Km7EwidSE2pKV2cxlujbuEH0O12ZvJfpCZ5RSzRnmOXvnpqHtylP4VOybFUJLol9j84pNN07j7X7zV20Lh60u7bT9QuLOWRrhIiJI3yRtd1PRhzrXYXYjq01JN6LlyK3EbdjRluyXrGL9DvrkmpaLrDvCltMtygkgQ8gUUp31l9uYWVOooxvLItKFdVIKbyBSDW5OFfLtxndpHHKzMsqwSydmjC5RWJ3D9qZqdOl0uCpKSfLry+0MYdd/NX5MZKcO8G+UnTrPXeJNGhnu4e0tYlWeUBESQnAKum7JOedVPT4jDScaLkovPS/yD86FOT77Nl/QPJX5PNB1GPUNI0iOzvYyNk4nlcrg56PIwpqvjsZVjuz3mvsfYep06cL7onvLb5Q21HV9C0e4s4be403U5HM0UrSHswwhYMDyG7GfZV/srBJU5yV84ceeoxiZKM4O98/QMXQOLbbilE4M1bTYJtNuLVre4kWd2MggUEBgMbd2zPI8qqKtB0vptPe6RO/uiXOmne7ui2PIV5JAQfwuxcuf5YuD/u2k/RbH85feV8wx8Fo9RLx5xXZ8BcNRRQabBNo7QXEPYPMybRs/I0xuzv349FcwOGlXqd+pb91noO1XHdbvkgQ+ht1XtNEe23dbaNuZA86CVoj1+pYVL29Rl0rsr5+tCcNNOlFvyAx5WtY/A/ysy6RPawi11RbeYXRPne/xhSx+l+GpFTNn4Vywu/mpRvl5Bv4XaooWy5jD0DjG24pjh4P1nTbefTLu29y3EoncmTsUDKGAIC7tmeR5VWVaDpfTKe8qid/dD86Sad3dA7qOg8P+TryvcO3Gg2S2ena7p11ZyW6yO6meNt+SXZ25+98q2Pcji6teTjVb3r6tWya9hlO6OlGFFyitPf5QuuJpriZppm3yN1P3AO4UTYxUVZAynNyd2R7aUJP22vHj9trx4/ba8eP22vHj7trx4/ba8eP22vHj9trh4/ba8eP22vHj9trx4+7a8eP22vHj9trx4/ba8eP22vHj/9f5iiYCg+4rh4+4rx4+4rh4+4rh42eHdfk0ybspSXsZD74nUoT9Ov3R31FxWGVRXXhEjD4jcdn4Ifo6SIskbB43AZHU5BB6EGqVqxbLM6rh0/V48fq8ePteOn2uHj9Xjx+rx4/V48fq8dPtePH6vHD7XDp+rx4VPln8mT6tEnFfDlqW4ssHiYrGTm5gQlTGVyFLANnPUqNvhUDH4NVYPLNltsvaDozSb731C7Nj5TCSRwPdAeHaj+BWZ+gFXxn2e01nxho9Xb7Crqmi+VC90y7sk4MuoTcxmLtd4baGxnlgZ5UulsOpGak23Z8vaN1NvUZRcclfrN7iPyM3/DVjw3rPCWlzXmopCIOIbBZGZpWkiBaQbiQoDhgdvLO3lVxj9m9JSUY6/KU2ztr7lVub73h5ORkfhJ454l1XRtM1bhW6sNH93xSajOZAR2GcSDI2lfMLc6r8BsedKpvSzvkWOP21TqU2otJoLPKH5CdK0nSLbV+AtNl/BqwuopWtlmllM0JJVlAkZuYJB5d2at8ZgIyptRWpS4Das41E5vIX/Eem8d6nZy6RJwtc2LSyR9pIzhtqhg2MYHoqowewK0Jqecl5PaXeL7o8PKDjdJ+X2DM4m4K0XiHTY7K+iybZWFnKGZTGxTaD5pGeg5HwrfYjCQqxtLhoDTB4+pQm5ReuvWLXR14803Trayl4XuLiS0XsxOJAoYKTt5YPQcqH+I7nK85tq6v1e0JlHunw0YJOSduv2G95PPJhpkenWmra5p8kWvR3DXA3yOpUpJmPKK23uzWv2fs2EYRlOPfp+rQxO1tsTlUlCnK9Nr16lHXtE4m0jjPV7vS9Fl1PTtUEcw7NtgWXHnnv57t3y1S7b2LUr1bwvz7dS92Bt6lQoKNRq6y7NPQQ6FwPdcTcUz3fFOhzWVhHZrHBG0jAGVXXB3IVPQtyp3Y2xXTvGqm1ryzG9u90EZpSoSW9fy5HevcCXXDHElte8K6NNe2E1q8VzbpIxxJuzu3OWPxeXor22diOolGkml2nNhd0Kim68lvdmRLw3pnFN9x3o+o6hoc2m2dhHOGkdg67njcA55d7AUjYeyKuGq3knb2DndDtqjicO4wavll5xjcRcLaNxFZJZ6tAZ7eOQTIoZkIcArnKkHoxrV18PCqrTV0YnC4upQlvQdnawpNO0jjDh97/AEy24buL2zS8ma0nD7QYs7VxyOchQc1hcfsCtUqtxuloEjAd0dCFJKUo7zz89syDiCy471awS1Tha5tykyTdpu3/AAM8sYHjTWG2BXpy3mm8raD1fujw1SNt6Kz5k2vadx7rulz2EfClzCZGSRpe0BwFbPQhaRh9g1qM1J3fmF1u6HD1YOKlHtPQPlBls73yf6zpNo/um8nsJIbeGIFi0nZ+auenMitZUwtSUHZcDEUcZShVi3LiITTU46s9OtbM8J3MhtoliMnaAbtoxnGDislV7nK8puWeb5e029PumwsYpXjkufsLHujjj9lC5/VR/Apv4s4jr7PaL+NGF5x7fYQ2/Cut8S8U6Suv8OXFnpEKzJdFpDg7kZkJZdrDzwOlW2ydiVKVS1RNxfm4FRtnugpVKTdKSU1px4nL8La/w1xNrEeicOXF5pM5iW0KyHAVFBOGbczecx61zauxKlWpammorzitkd0FKnSTqyTm9eHEsdvxz+yfc/qo/gVVfFnEdfZ7S1+NGF5x7fYfu345/ZPuf1UfwK98WcR19ntPfGjC849vsMDWuH+PtS1yy1McN3MK2XZ4g3Bt2xy587ljOfCptDYlenTlCze9xIlbb+GnNS3oqwY22i+VS8hW5t+A72SGTJRxIMHBx3iqqexJwe65Zrq9pb09swqR3oq6fX7CJ9N8pqOyNwPdhlJDDtRyI9lLWwajz3n2e0alt+inZ27fYafBPkdl4kuuI9U410KezlZIk0a2eV0IYRuGIMbLuxtT4XKrzZ+z+jp7suBQ7T2rv1FKm9dQd4f4e8p+k6Vb2J4Nu52t922XeFzuYsPN59M1U4jYtSpNyu1fqLihtyjTgo5O3WOfyG8L6lw9wKkeq27WuqX11PeXkD43qztsXdjPVI1PtrTYSluU0jI7RrqrVbTuhPwcKeUXRb/VrS34Tur60k1C4mtp1cIDGz4XHXkQAaz2O2ROrU3lkajBbZpUqai2ma+ieRW51vhTinXOI9Gnh4onM7aHZmVlZOzhzFgKwVtz+b53hVnhMBuUd1rNaFXjdq71dOL716+/kMfTdG8ptpp1raNwXdytbRLEZO0C7tgwDjBxyqlq7DqSm5Xau76e0vKe3qMYpZZLn7CwLHymDmvBF3uHwcyDGe7upv6AVeb7PaL+MNHq7fYF/AP0P3DFzwva3fGOnSycQ3TST3imeWMpvclEKxuq524J9JrT0MFFQW8szKYradR1HuPvQU1bye8UcK8Ya3bcM8MXWocPXBgaxZJMhcRhn89yzHDsw51U7S2VKrJbuSRc7M2zCnT79pyfmOPcHlJ/ZIvP1UfwKrvoBV5vs9pZfGCh1dvsNLhLyW6zxdxOJeNNEn03QNPtm7K0klKma4kbGd6FWwBzOPAeNW2zNlOlffzuVG1ttKol0bzMOx4S8omgG80m24Tur6ygvJzaXKuFDRFsKR1zkLnNQ8ZsadSo5J28xOwm3KUKaTaCzgDyJW2vpqWt8f6ZLFeXU4Sw04zSRmCCNcA5jZc7s45+Ge+rbAbOVOnuyKXae15TqXpv35AvqvB/E3B3Eutado3Ds97oc86Tac6ycgmzOAzbmbG7bk+FQcdsSpXneF7IsMBt6lRp2qNbzNPgPhbW77imTiPiDT209LCMQaVYyHdh3B3y/Oe7v9FXGwdkPD3c9ff1FH3SbcjiIqFN5PW3Ll52NDbWnMYfttePH7bXjx+2148fttePH7bXjx+2148fttePH3bXjx+2148fttePH7bXjx+2148fttePH3bXjx+2148fttePH7bXjx//0PuKJYKD7iuHj7iuHj7ivHD7iuHj7ivHjd4b4hbT3FtcktYuc56mJj9MPqfEVDxWG3814XrJeGxG5k/B9QcqysoZSGVgCrDmCD0IqnLU+148fa8dP1ePH2uHj9Xjx+rx4/V46fa8eP1eOH2vHT9XDx+rx4/V48fq8eP1eOn2vHj9Xjx+rx4E+KrfbqCS45SoMnxKnH2sVY4OXe25FVjo2mnzMbbUshH3FePH3bXjx92148fdtePH7bXjx92146fdtcPH7bXjx92148figPUZr1z1j7trx4/ba8ePu2vHj9trx4+7a8eP22vHj9trx4taZp0uoahb2UWd87hMjuHVm+tUE01XqqnByfAfw1B1qkYL6p/b7EN68lh0vS1jtwEWNVhtk64wMD5AM1kacXVnn5Wb+vUjQpWjlbKPv1An8/pq3M2fq8cP1ePH6vHj9Xjx+rp4+V48fq8eP1ePH6vHj5Xjh+rx4/V48U9R1KKyj+POw97j+6fRT1Kk5vqGa9dU11gvK8s0rSytvkc5ZjVnGKirIp5Scnd6nG2lHD9trx4/ba8eP22vHj9trx4+7a8eP22vHj9trx4/ba8eP22vHj9trx4+7a8eP22uHrH7bXj1j9tr1z1j7tr1z1j9tr1z1j9tr1ztj9tr1z1j/9HvFEkFB9xXjh9xXDx9xXjx9xXDx9xXjx9xXDwQ8NcQ+4ytldt+NCcRSH8yJ7j9QfmqDisNvd9HX1k3C4nd72WnqDP7Xcaqy0PtePH2uHj9Xjx+rx4/V48fq8dPtePH2uHj9Xjx+rx4/V48fq8eP1eOn2vHj9Xjx+rx4+1w8YfFcO+0hl743I9jj+CoqZg5Wk0QsdG8U+TBnbViVR92146fdtcPH3bXjx+2148fdtePH3bXjx92148fttePH3bXjx+2148fdtePH7bXjx92146fttePH3bXjx+2148fttePB55ONG2pNqso5vmG2HoB98b2nzfYaoNsYi7VNcM38hq+57CWTqvjkvl+bzMu65e+6LwopzFDlFx3t9MfuUzhaW7G/FjmPr79Sy0jl85nVJIJ+rx4/V48fq8eP1eOH6vHj9Xjx8rp4/V48fq8eP1ePHyvHCnqOopZx4GGnb4CeH1TeinqVJzfUM16ygusG5HklkaSRizscsxqyiklZFTJuTu9TnbXbibH7bXrnrH7bXrnbH7bXrnrH7bXrnrH7bXrnrH7bXrnrH3bXrnrH7bXrnrH7bXrnrH7bXrnrH7bXrnrH3bXLnrH7bXrnbH7bXrnrH7bXrnrH3bXrnrH7bXrnrH7bXrnrH3bXLnbH//SlxRIBOfQK8ePuK4ePuK8eOsVw8fQK8ePuK4ePuK4eCThrX+xK2N4/vB5QSt9Ifik/F8PCoGKw9++jrxJ+FxNu9lpwC6q0sj9Xjx+rx4/V48fq8dPtePH2vHj9XDx+rx4/V48fq8ePteOn6vHj9Xjx+rx4+1w8fq8eKerwdtptwn0wXevrTzvnxinaMrTTGcRHeg0Bu2rcpD7trx4+7a8eP22vHj7trx4+7a8ePu2vHj9trx0+7a8ePu2vHj9trh6x921656x+21652x921656x+21y56x921656x+21652xPY2M17eQ2kIzLO4Rc9BnqT6AOZpurVUIuT0Q7QoSqzUI6yY1bkwaTo6W9v5ojQQ246HOPhfbY+mspTTq1Lvys3laUcPR3Y8FZe/pBjFWpnT9ivHj5Xjx+rx4/V48fq8eP1eOH6vHj9Xjx+rp4+V48fq8eKeoaglqm1cNOw81fD0tTtKk5vqGK1ZQXWD0jPI7SSMWdjlmPfVjFJKyKuTbd2c7a7c5Y/ba9c9Y/ba9c9Y/ba9c9Y+7a9c9Y/ba9c9Y/ba9c9Y/ba9c9Y/EAdTivHia3sby4OLeCSU/UqSPl6U3OrGOrSHadCc/Bi2advwjrEuDII7dT+eNlv3Vc1FntCmtLsm09lVpa2iaVvwVarzubp5PFYwEHynJqNPaUn4KSJlPY8F4Um/JkVuJdEsrG1t5bWIopcpIxJYkkZXJPqNO4LEynJqT4DO0cHCnBOCtnYHttWNyosfdteuesftteuesftteuesfdtcudsftnLJ6V65y60P22vXO2Pu2vXPWP/9OcCiOCc6Arx4+4rh4+gV48fQK4ePoFcPHQFePH0CuHj7t8a9c8E/Dmv42WN43LktvM3zIx+0arsTh/qo+cscLifqZeYJ6gFgfq8eP1eOn2vHj9Xjx9rh4/V48fq8eP1ePH2vHT9Xjx+rx4/V48fa4eP1ePH6vHj4VDAqeh5H1V48BEsLRTSRN8KNip9anFXUZXSZQTjutrkc7aUJPu2vHT7trx4+7a4ePu2vXPWPu2vXO2P22uXPWPu2vXO2Pu2vXPWP22vXPWPu2uXO2P22vXPWPu2vXPWP22uXPWPu2vXO2P22vXPWDTye6SC82pyL8HMNuT0yecjD2YHy1SbWr6U15X8hpu5/C61X5F8vzdpd1u9903hVTmKHKJ4E/TH5aZw1Pdj1scx9fpKllpHL5zPqSQj9Xjx+rx4/Yrx4+ZGcDmfAcz8grxxH1kdG2upVh1UjB58+hriaegqUWnZ5HyunD9Xjx+rxw/V48fq8eKd/qCWy7Vw07DzV7h6Wp6lScvIM1qyguswXLu5dzudjlmPfU9JJWRWNtu7OdtducsftteuesfdteuesftteuesftteuesftteuesdxQSzSpFEjSSyHCRqMsT6BSZTUVd5IVCDk1GKu2bEPB+qMcTtHb45EE72HsX+DUKW0YcE2WUNkVfqmo+k0rfg7T0wZ5pZj3gYjHzZNRp7Qm9EkTIbJprwm5eg0YNJ0mzG6O2iQj6dwGPytmo0q9SerbJkMNSp6RS9+skk1O0Qbe03AfSoMj7grioyfA7LFQXErSax3RRe1z9wU6sPzYxLG8kZd7xJOmUjcGTwQYA9bc6lU8GmQq20JLJPPqMG4uLm5k7SeRpG7sk4HqFT4QjFWSKupUlN3k7kW2l3G7H3bXrnbH7bXLnrFPWNTt9K02a/nUtHCB5q9SzEKozzxliBmmMViFRpub4EvA4OWJqxpR1l9tvzIFbbizVdQthMCltksDHEM4weQ3Nk9Kx+J23iZOyaiupfKwg4buWwcF3ylUf1zy7EfI7qY3Ec0sryFHDEsxPQ5qBDFVHUjOcm7NPN9ZaVcBSVCdOnCMbxayS5docbaI1wPn7bXrnbH//UtYojAnPoFcPH0CvHjoCuHj6BXjx9Arh46xXDx9Arx4+gVw8dba8eCnh7Xe1C2V23vo5QSn6b6lvqvDxqtxOHt30dCzwuJv3stQgqGTj9Xjp9rx4+1w8fq8eP1ePH5yqDc5CL4sQB89eR55H5SGAZSCpGQRzBBrx5H2vHT9Xjx+rx4+1w8fq8eP1ePH6vHT9XjwL63D2eoyHHKQBx7Rj7Yqzw0rw8hT4uNqnlKO2pFyPY+7a9c9Y+7a5c7Y+7a9c9Y+7a5c7Y/ba9c9Y+7a9c9Y+7a5c7Y+7a9c9Y/ba9c9Y+7a5c7Y/ba9c9Y+7a9c9Y/ba9c7Y+7a5c9Y/ba9c9YZiT2+n8OWq2px2kSiHxy67mb18yfXWY3HUrPe55m2dSNHDRUOMVbz6v34mBjwqxKQ5kkjjGZHVB9UQK8lfQ42lqVZNWsU6OZD4IMj5TinVQm+AzLEQXG5Vk11z+RQgelzn5hTqwvNjMsZyRLpEeq6zfrbJKYoh51xJGMbI88/aegpGIdOjDeau+A9g4VcTU3U7Li1wXvoHV7c22lWipbxqkpG2FQBnkMbmPU4+eqKlTdWWenE1OIrRw8LRSvw+cF3Z3Ys5LMxyzHmST31bJWM6227s5rx4/V48fq8eP1eOFS+vlt12p50xHIdy+k07Tpb3kGa1ZQXWYbbmYsxLMxyzHqTU5ZZIrm23dnzbXbnLH3bXrnrH7bXrnrH7bXrnrH7bXrnrH7bXrnbF7StEv9Um7O1TzFPvs7co09Z7z6BUfEYqFJXlryJWEwVSvK0FlxfBe/IPtM0fStBtTJuHaEYlu5Pht9SvgPqRVBWxFSvK3oNbhsJRwkL8eMnq/fkZd3rW+Z2giwjHIL9fXgVLp4ayzZW1sdeTcVl1lKS/vH6yFR4L5tPKlFcCNLETfErnLHLEsfE8/t04MPPUjmnihXdI2PAd59QpUYt6CZSUVmZlzfTTZVfe4/AdT6zUmFJLUh1K7lkskVdtPXGLH3bXrnbH7bXLnrH7bXrnrH3bXrnrGVxTaC54d1CIjI7Fn/U/P/fah4+G9Qkur1Zljsip0eKpy+uS7cvlFzw5ITbyoeqsGP1wx++1gqqzC1E2QAeR6UyLCXhu9uJ5Z0nlaVtqsu855A4P2xWr2FjKlSU4zk5PJq5ge6fZ1GhCnKlBQV2nbtXym9trR3MhY/9W6BRFBOfQK4ePoFcPHQFePH0CuHj6BXDx0Frx4+gVw6dAV48fQtcPHQWvHgr0HWjcqLW5b8cr+RufzQDu/TD56rcRQ3c1p6i0wuI3u9l4XrNoA1FJp8kkiiGZXWMD45C/bryTehxtLUoT8QaVFyEpmPhEpYfKcCno4ab4WGJYumuN/IUJuKjzFvbY+qlb7i0/HB82R5Y/ku0oza7q0uff+zHhGoX5+Zp6OGguFyPLF1Hxt5Ck5eQ5lZpD4uS326eSS0GJNvV3CHhy/3J7ikPnJloSe9e9fZ1qDiqVnvIscFWut18NDbqGTz9Xjx9rh4/V48fq8eP1eOn6vHj9XjxjcRQ57GX1oT84+7UzCS1RAxsdGY22ptyBY+7a9c9Y+7a5c7Y+7a9c9Y+7a5c7Y/ba9c9Y+7a9c9Y+7a5c7Y/ba9c9Y+7a9c9Y+7a5c6ftteuesfdteuesftteuesfdtcudsftteuesaja9em1t7cKu23TYjHJyMk5x8g9lRVhI7zfNk6WOm4xjbwVYqSX19J8KZgPir5o+anVSiuBHlXm+JXK5OTzPieZpwaeZ921656x3DBLNKkMSF5ZCFRB1JPQVyU1FXeiFQpuUlGKu2MjStOtdB0ohyDJ8O5lHV37lX0DotZmvVlXqerqRtsNh4YSjn53zfvoYN3dS3Vw00p85ug7lXuUVY04KCsikrVnUk5MhpY0fq8ePlePH48hk8h4nlXjxTu9QjjTbCweU+HML6TT1Ok3roMVayiss2ZDbmYsxJY8yT1JqYsiA7vNn7bXrnLH7bXrnrH7bXrnrH7bXrnrH7bXrnrH4Lk4UFj4DmfmrjdjyV9Ai0Hg+e8K3F8GgtOqx9JJPvV9PWq3FbRUO9hnL0Iu8BseVTvqnew5cX8yCm61HT9JgW1t413IMJbR8gvpY9326q6dGdV7zfnLytiqWHjuRWa+pXy+9wbu7y5u5e0nfcfpV6Ko8FFWdOnGCsiirV51HeTIKcGj53Z7h1NePFO41ADKwDcfjnp7PGnoUr6keddLQoMWdizksx6k1ISS0Ism27s+ba7cTY/ba5c7Y/ba9c9Y+7a9c9Y/ba9c9Y/ba9c9Y+PDHIjRyDdG4KuvipGCKTJXVjqbTutUJvQ0ktr+5tJT75HuR/wBPG2Pumh9Xg45Pgwy0ainFSWklftN9ajDpr8NybNVjH54rIfURu+2oq22JU3cQutNfL8hn+6ajv4NvxZJ/J8oY7a2twa2P/9a+BRDBOdAV48fQK4eOgK4ePoWvHjoCuHT6BXjx0Frh4+ha8eOgtePH0CuHjoAggg4I5gjqCK8dL0usarMu17lwveEwufXjnTMaEFwHpYmo+JUK7jliWPixyfnp1ZDLz1PoWvHj6Frx46C148fQtePEkTyRSLJGdroQyn0iuSimrMVGTi7oL7K7S7tlmXkTydfisOoqoqQcXZl3SqKcbosU2OH6vHj9Xjx+rx0/V48fa8eP1ePFLWIu0sH8UIcezkfmJp6hK00MYmN4MHdtWNyqsfdteuesfdtcudsfdtePWP22vXO2Pu2uHrH3bXrnrH3bXrnbH7bXLnrH3bXrnrH7bXrnbH3bXLnrH3bXrnj9tr1z1j7tr1ztj9trlz1j7tr1z1j9tr1z1j7tr1z1j9trlztgv4G0637ObUnYGVGMKA9EAUMzZPeQfkqn2nWldQ4a+U0mwsNGzqvXTyc/fkSavqRvJtsZ/G8Z97Hxj3sfuVzD0dxZ6s5jcV0srLwVp85nMyoMuQo9JxUghPIgfULRPp95+oBNLVKT4DTrQXEryat+dxe1z9wU4qHNjUsTyRXfULx/p9g+oGPnpxUYoadebK7bnOXJY+kk/bp1JLQabb1Pm2vXOWPu2vXPWP22vXPWP22vXPWJ7Oxur24W3tYzJK3PHQAeLHuFN1asYRvJ5DtChOrLdgrs14uE5M/ji5C45FY1yflaocsf4q7Syhsp/VS7C9Fw7pMQy8ZlPjKxx8gwKYli6j428hKhs+jHVX8pZW4062G2PYmO6JRn5qa3Jy19I90tOGll5D5c8QTG3EFsDHyIeY/Cxnovh66VDCK95dhyrtGW7uwy6zI9PeeZNSysP1ePEU9zFDybm3cg6/xKVGLYic1HUz555ZvhHCdyDp7fGpMYJESdRy8hFtpdxux+21y56x+21652x921656x+21656x+21656x921656x+21y56xg8aazqGjaOLqxSNpHlWJnkBYIGVjuC8gea451A2jiZ0qd463LjYmApYmvuVG7WvlxtbIVlhdyy6wJ523SzuxkfAGWfPPA8TWQrScrt6hLo04wioxyiskEy1EHi5psphvreb6VJELnwXOG+apGDqblaMuUkQtpUelw9SPOL7bXXpDdtT0pbyOyN5B7slJEduHVnYgFjyGe5T1rd/CIbyjfNgqWHqOLnuvdXG2R//X0wKIQJz6BXDx0Frx4+gVw6dAV48fQtcPHQWvHj6Frh46Arx4+ha8eOgteOn0LXDx0Frx4+ha8eOgtePH0LXjx0Frx0+ha8ePoWuXO2NDR7z3Lc7XOIZcB/AHuao2Ip7yutUSsLV3JWejCaq0tT9Xjx+rx0/V48fa8eP2DjPd4148Qy3tpF+STID4A5PzZpUYSeiESqRjqylc6xaNG8aI8m9SueSjmMd9PQw8r30I88VC1lmY+2p1yAfcVw9Y/ba9c7Y+7a5c9Y+7a9c8fdtcO2Pu2vXPH7bXj1j7trlzp921656x+21656x921y52x921656x+21656x921654/ba5c7Y+7a9c8ftteueP22vXPH3bXrnrF2z1S7tLWe2hx2dwVZyc/S55e3PP1VHqUIzkpPVEqji504OC0kRSXl2/WQqPBfNFLVKKG5VpviQFcnJ5nxPOnENPPU/ba9c9Y+7a9c9Y/ba9c9Y/ba5c9Y/ba9c7Y+7a9c9Y/ba9c9Y0NI0K81OX3sdnbqcSXDDzR6F+M1RsRio0lnnLkTcHgJ13llHi/m5sMVXStAtBFEuZH545GSQ+LHuFU30zESu/YjS/ScHCy19L8phz6ndzOzbhHuJO1B0z6TU+FCKXMp6mKnJt6eQqszOcuxY+k5p1K2hHbb1PldPHyvHD4zKqlmICjqTXTzZUmvGbzYvNHxz19nhTsafMjzrcirt7+89TTpHP22u3PWP22uXO2Pu2vXPWP22vXPWP22vXPWPu2vXPWKOtavZ6Pp7314HMKELtjXcxZug7gM+JpjEYiNKG8yXg8FPEVFThbefMGPw+Xt1Z+6LK1jgBBKiUmRvNJ5HG1e6s7W27UvaMUvKa/D9yVJL6ZOUn1ZL5WakfG+lTXsFrBDMVnkWJZpNsYBchR5pJJ5mrCG2qcpqMU3d2uVFTuYxFOlKpUlBbsW7at29BPxtZ+6eFtQjxkqglXxzE4k5fuuKl7RhvUJLz9hB2LU3MXTfXbtVvlEZPq0FlMjqRLMrAhFPQg5GTWUjScgkVK8Y9bNiTiW/ce9rHCp8BuPytTaoRGJYub0sit7o1G8ODJNOT3DJH2PKl7sY8kMuc58WzY4c0rUbXV7K77EQpDPHI+8hSVDDcMDJ5jlTlCvGNSL60NYvCTqUZpr6l+o/9DWAoggoPoFcPHQWvHjoLXDx9C148dBa4ePoWvHjoLXjx0Frh0+ha8eOgtePH0LXjx0BXjx9C148dBa8dPoWuXPWPoWuXO2OgteudsfQtcO2Pu2vXPWCDR7wzQ9i5zLEORPend8nSq7EU913WjLTDVd5WeqNGo5KP1ePH6vHj7Xjxm8QQcre4jJEcimOWPJwJE78fVKy+3NSMJLNxeuvm+2RsdDKMlo8n5V86a9JjhQOgqbcrrH3bXLnbH3bXrnj7trlztj7trx6x921y50+7a9c9Y+7a9c9Y/ba5c7Y+7a9c8fdteuePu2uXOn7bXrnj7tr1z1j9trlztj7tr1z1j7tr1z1j9tr1z1j7trlztj9tr1z1j7tr1z1j9tr1z1j9trlztj7tr1z1j9tr1z1j7tr1z1j9tr1z1j9tr1z1j9trlztj7tr1z1j9jFePG9ofC0t3tuLwNFanmsfR5B++rVfisco97DOXqLnAbJdS0qmUeXF/MjbvtYtrKMWlgi7oxtG0e9x+rxNQqWGc3vT9rLPEY6NJblNK67ED0kkkkjSSMXkbmzNzJqwSSVkUspOTu3dnyuiT5XTx+JA6kD18q8eIJLqNR5nnt6OntNLUGxuVRIqOzyHLnPgO4eoU6kkRpSctT5tpVxNj9tr1z1j7trlztj9tr1z1j9tr1z1j7tr1z1j9tr1z1j9trlztjE44tTPwjqqhdzx27Tovi0BEoHtKYqLjae/SkvfIn7KrdFiYS67duXyiN0nXtRltmhWXs1VziOMYO1ufXmeuayk6MUwgPEzfGx1ZW+qe6o7hYpXaFw4d8jBQ56t6qWqsYO9xmWGqVU1Zu/M9C3VpFqGnzWznEV5C0TMO5ZUKkj2NWulacPKgdRbpzT4xfqPMVvoV0WHutewCnDx9Xz0I9HOsnOrbJahMpYdyzfgh9pWmaYLSCRbdWcoMs+XOQMHr6ar51JX1J0KEFwNZPNGFAVfADA+amh47Gccjg+NeOH/9HZC1vwUHQFePHQWvHj6Frh46C148fQteOnQWuHjoLXjx9C148dBa8ePoWvHjoLXjp9C1w9Y6C1652x9C1y52x0Frlztj6Fr1z1joLXLnbH3bXLnbH0LXrnrEsEjwSrKnwlPL0+I9tInFSVmOQk4u6CWKVJY1kTmrjIqsas7MtoyTV0d1wUfa8eP1ePEV+BJp08TDONssZ8HQ/eM1Kp5TT83b7bCaudOUX5fOvZcHttWJUn3bXLnbH3bXrnrH3bXLnT7ivHj7tr1zx921w6ftteuePu2uXO2Pu2vXPWPu2vXPWP22uXO2Pu2vXPWPu2vXPWP22uXO2Pu2vXPWPu2vXPWP22vXPWPu2uXO2P22vXPWPu2vXPWP22vXPWPu2uXO2P22vXPWP22vXPWPu2vXPWP22vXPWP22uXO2Pu2vXPWOkieRwkal3Y4VVGSSa45JK7Oxg5OyV2FOk8NQWae7dTKmRPOEZOUTHe3xmqpxGMc3uw09LNHg9mRpLpKuq7F87OdT16W43RW2Y4DyZ+jv8AwBSqGFUc5Zsbxe0HPvYZR9LMhmRB5xCj01MK3Qja5iHTLeofdNKUGIdSKI2u3+lQD0k5+1SlTEOtyRG007dXx6BypSghDqSZHtz15+vnSht5n3bXrnrH7bXrnrH7bXrnbH3bXLnrH7bXrnrH7bXrnrH3bXrnrH7bXLnbH3bXrnrH7bXrnrHE9tHcQSW8n5HMrRv+lYYP26TLNWFRbi7rgI3hq2jsru5tBEsUicnGMkNG21uZ59TWHxF75haobu6nHRq5fuQRcvnvOfl50wiQMrT9c02w4Vsb/UZxBbrGkHaEFizoCgUBQSWPZk1sMNioxw8ZSfCwM8bgak8bUp01eW83bqefZmJvWp7a51S8uLTd7nmmklh3ja2GYsMju61naslKba0bN9hKcoUoxn4UYpPzGtodxGbNYyw3qWwnfjOc49tQ6izJaNRWJ6D5eVNnSRdwxnHPuFeOH//S3Qtb4FB0Frx4+ha8eOgtcOnQWvHj6Frx46C148fQtePHQWvHToLXjx9C1y52x0Frlz1j6FrlztjoLXrnbH0LXLnbHQWuXO2PoWvXPWPoWuXO2OgtcudsfQteuesfQtcudsaGlXXZydg58yQ+afBv4tRq8L5kvDVLPdZsnkMnkPE8hUQnEEl/Zx9ZQT4L5x+alqnJ8BuVWK1ZWfWIx+RxFvSxwPkGacWHfFjLxS4IrS6ldSqV81EYEEKOeD6TTsaMUNSxEnkVttO3GD7tr1zx921w6fdteuePu2uXO2P22vXPWPu2uXO2Pu2vXPWPu2vXPWPu2uXO2Pu2vXPWP22uXO2Pu2vXPWPu2vXPWP22uXO2Pu2vXPWPu2vXPWP22vXPWPu2uXO2P22vXPWPu2vXPWP22vXO2Pu2uXPWP22vXPWPu2vXPWP22vXPWP22vXO2Pu2uXPWP22vXPWLWm3fuK9iutpbsycqORIIII5+umq9Pfg4kjC1uiqKfIn1DWr2+ky4CRj4EQyQP4J9NN0cNGCyHsTj51XnpyKLPK3wnPqHIfNT6iiI5yZztH8Wu3E2Pu2vXPWP22vXPWP22vXPWPu2vXO2P22uXPWP22vXPWPu2vXPWP22vXPWP22uXO2Pu2vXPWP22vXPWPu2vXPWP22vXPWP22uXO2Pu2vXPWExrkHuLj2+jHISyvIfT269r/ADJqyO0YWqSXXcJWxqu/hoPqt2ZfIZl3qjSX4UIEiVwjnqWUNgn0VDjDItN42bppWsOwMjNDEd0cRYlAc5JCnlSOkk1utu3LgJjRgpuait58bZ9oJyptZl8CR8lSEeZb0OTbfIPjqyH1gZ/faRUWR6ITpUcWSFlAGSAcjl6+VeOH/9MhC1vgUH0LXDp0Frx46C148fQtePHQWvHjoLXjp9C1w9Y6C1652x0Frlztj6FrlztjoLXLnbH0LXrnrHQWuXO2PoWuXO2OgteudsfdtcuesfQtcudsdBa8dPu2uXPH0LXLnbH0LXjx0xdzl2Ln6ok0lJLQU23qz8Frtzlj7trlztj7tr1z1jrbXLnT9tr1z1j7trlztj7tr1z1j7trlztj7tr1z1j7tr1z1j7trlztj7tr1z1j7trlztj9tr1zx921652x921y56x921656x+21y52x921656x921656x+21652x921y56x+21656x921652x+21y56x921656x+21656x921y52x+21656x921656x+21656x+21652x921y56x+21656x+21656x921656x+21656x+21y52x+21656x921656x+21656x+21656x921y52x+21656x+21656x921656x+21656x921y52x+21656x+21656x921656wpvKtaPZ8T2l+o2rcwIS2OrxOVY/uhSs9tWH0y/NG47ma16Dj4svQ/bcDLxSs7Ed4BHyY+5VXDQ0ktQmjZZrVWzgSoCM/VDNR3kzqMWeyknh321u8jlhlo0Zs55dQPGnoXucnZGpoPBepy3MMt24sYxIuUYbpcZH0o5D2mn+ibRHlXS0zGjY8BaHFjtRNdyfVttU/WJj7dIVCIzLEy8hptDw9o8LF1tLBQOe8orfZZanLRiNrfnpdn//UJQtb0FJ9C148dBa8eOgtePH0LXjp0FrlztjoLXLnrHQWuXO2PoWvXO2OgtcudsfQtcudsdBa5c7Y+ha9c9Y6C1y52x9C1y52x9C1656x1trlztj6Frlzp9C1654+gVw6dba9c8fdtcOn0LXrnrH3bXLnbH3bXLnj7tr1ztj7trlz1j7tr1ztj7trlztj7tr1z1j7tr1ztj7trlz1j7tr1z1j7trlztj7tr1z1j7trlztj7tr1z1j9tr1ztj7trlz1j7tr1z1j9trlztj7tr1z1j7trlztj9tr1z1j7tr1z1j7trlztj9tr1z1j7tr1z1j9trlztj9tr1z1j7tr1z1j9tr1z1j7trlz1j9tr1ztj9tr1z1j7tr1z1j9tr1z1j9trlz1j7tr1ztj9tr1z1j9tr1z1j9tr1z1j7tr1z1j9trx6x+21y56x921650/ba9c9Y/ba9c9Y+7a9c9Y/ba9c8fttcuePuK9c6fsV49Y+hQeRyB3kda8zx501qTUW1G6TUrmS5u4JZIppJmLHdGxVsZ5AZHdWSqOW8953aChhY01Ti6cVGLSeXWjW0PQrfWHL3EkkcaIpGxeT5PMbzyGPRTdKN2x2vU3UrDU4f4e4etNJhk9ywxlVKe6LlgTyJGd0h2046cU9CG6s5ZXMDUeMuGLW3eI36OwHOK1UyYxz+kG2vKSQqOHm+HaBOp+U0hymkWvUfli665HQrGp/mRpbmSIYTxmd3PG3FeqRjt9Tm7NwG7GDEScx4RgH56hynLmWMMNTjmoorw6bezP2hiZmP5pKefytzpFxx1Yrif//VKFGW2jm3xRzPyCt6ClZmja8P61c4MNnJtP07jYvytio88XSjrJesl08DWnpF+fI014F11oGePsZJVGTbK/nEehiAp9VRntSknZ3S5kxbEruN1ut8r+6MSa3mt5mguI2hmX4UcgKsPYanRmpK8XdFZOnKEt2SalyZ8C125yx9C1y52x0FrlztjoLXLnbH0LXrnrHQWuXO2PoWuXO2OgteudsfQtcuesfQtcudOgteOn0LXLnrH0LXLnbHW2vXPH0LXLnT6Frlztj6Fr1z1jrbXLnT7tr1z1j6FrlzzaWp921650+7a5c7Y+7a9c9Y+7a5c7Y+7a9c9Y+7a5c7Y+7a9c9Y+7a5c7Y+7a9c9Y+7a5c7Y+7a9c7Y+7a5c9Y+7a9c7Y/ba5c9Y+7a9c9Y+7a5c7Y+7a9c9Y/ba5c7Y+7a9c9Y/ba9c9Y+7a5c7Y+7a9c9Y/ba9c9Y+7a5c7Y/ba9c9Y/ba9c9Y+7a9c9Y/ba9c9Y+7a5c6ftteuesftteuesfQhJwBk+Ar1zxS1TWNI0qB59Ru4rZEGSGYFz6AgyxJ7himK2Kp01eTSFRg3oDdz5SLLH4yspJgeayTMI1I8dq7mqjq90UF4EW/LkPrDPizLl8pGtgsq21qu4ZQ4c7cdeRPne2oT7oa3ix9I58GianBXE2qapqVzBfyiQGIPEqoqKhRsHaB8YPzz4VP2PtGrWqSVR8MhutSUVkGWK0BHP2K8esfsV48fcV654/Yrx4/ba8ePuK4eP2K8dP2K8eP2K8ePu2vHj9ivHj9ivHj7ivHhfa1w7oltrN7fzQIZJJDK805yis4DHG7CjrVBiqaVRm52XXlPDwXJW7Ab4q40sU0X3Po+pL7ujkABgXcqrz3YcjYp591RHLPItqOHbd5LID9L/BHUllM5lunD5LysWHnD6o47jUatqWlKcYq2hYOkTCV0kZUGTyHndfVSVMblJXMpNOiR/OzIRkHPIU9vDLmwl0y9YadKIUWOS2TzCBnceeM9KYlHM9ds1beUywRyEk71DejmM029Tx/9Z/W1naWw221vHCO7s1APy9as5zlLwm2UNOnGHgpLyHck0ac5ZAv6Y1yMW9EdlNLVkcOtWME4Yszr0YopPI/JSpYackIp42nCV9TSnttG1q32zJHeRjofp09R5MtRYzqUZZXiyxnToYmOaU16V8qBTVvJ5MmZdJl7VOvuaY4cfpX6H21bUNrp5VF518xQYvufazou/U/kfzgpcWtxbTGG5ieCYdY5AVPs8fZVtCpGavF3RQVKUqct2acX1nIWu3E2OgteudsfQtcuesdBa5c7Y+ha5c7Y+ha9c8dBa5c7Y+ha5c7Y621656x9C1y50+ha5c7Y+ha9c8dba5c7Y+ha9c9Y+blH8So9TFU4eFJE/D7KxVb7jpzkudrLtdiaO2uZAdkRGMYDHbnPQD01BntamvBTfoL2h3H4mX3JKEO2T9GXpOY4mbznfs41ba7BSQOROCe48qhVNrVH4KS9JoMP3FYaH3JKdR+Xd9WfpOZ4LdLp42lzGi7pBIc4J5BQFI3dR0qFUxVSWsmX+E2PhKMVKFKClztd9sr2KthcTIHtp1aSSGQxxTAebIgPmNk47uRz66tMNtOEYWn4SMhtbuSrSxDlh1Hop99m7br4x59atwduBbhnik3DISRHMbxsRuDDnjHqINWFDFQqR3kZbaGzK2FqunNXsk7pPds+N+XDyom21IuQLH3bXLnbH3bXrnbH3bXLnrH3bXLnbH3bXrnrH3bXLnbH3bXrnrH3bXLnbH3bXrnrH7bXLnbH3bXrnrH3bXLnbH3bXrnrH7bXLnrH3bXrnbH3bXrnrH7bXrnrH3bXLnT9ivHj7ivXPWP22uXPH3FeudP2K8esfsV48fcV48fttePH7FcPGNxbxA3D+iyailt7rdWVEj3bFDN0ZzzO0ejnUTHYroabna45ThvOwq04z4j1mOV72+dR2hHueAmGJVIBGFXB78czWOxO0K9R5yaT4LImqlGOiMPXJ1DQxjmzEs7Hmx5bRk9e81DhG92xxF/Tp99jCT1C7D9Z5v3KRJZnGSTtyVvA4PqI/ggVxHDc4Dvuw4otFY4S43wMf0yEp8rqo9tWuxqu7iF9ddDdZXiNzFbcgn7FePH3FePH7FePH7FcPH7FeOn3FePH7FePH7FePH3FePH7FePH7FePH7FePH3FePCY8uOm3Da5p9ym5oZ7YxtHk9mJIZCSxU8slZFHsqk2lG00+aNt3MVl0M48pX7V7ADsbCQK5ZgCmGCAZzjnj5qq5SNLvXRqabqK2TyMyNIHAAVSBzHrpE43Gk7G3bJFeot22V7Qc4wehHLr7KZeTsLuVNUsbSNZeyjAcrvLcyc5yevjS4yZy2Rm6fM0dyiZxHKwSRe4gnAz7TTk1dHEEsSoihEUKijCqOgFRhR//Xccl5dy/DlbHgPNHzVoVTitEYuVactWQ4557/ABpY2fq8eOo3eNw8bFHHRlOD8orjSasxUZNO6dmbNlxNdR4W7Xt0+OuFcfcNQ6mCi/ByLOhtWccpreXpNbtdG1mAwSBLhfzmQYdfVnmPZUPdqUXdZdaLNVKGJjuu0up6+/kBzVPJ+wzJpc2f5TTnn9bJ99VjQ2twqLzr5imxWwONJ+Z/I/nBW6s7q0mMF1E0Eo+kcYz6j0Psq2p1YzV4u6KCrRnTluzW6zgLSrjdj6FrlztjoLXLnbH0LXrnjoLXLnT6Fr1z1j6FrlztjrbXLnT6Fr1z1j6Frlztj7tOOXXurjfIUkr56H64t5UWHbLueY4WJRzJ79pGcgVm6m06z0tEKGC7ksClvTUqiXGTy7FbU+W+rwT2y2tvGWPbPAkgGYyUJPwyORYLn1VXOV3c08cOqduCUVlxtp2LQnuJL5J1iVRbq52qUHaFl+D0+CT6RXGz0FFq7z9FjkWqG0k7Wdx2e9X2naFXptkQc/OZfGvHnN7ystbe6fUcWkCQW6TmNPMLTohG07FHUSdx3dFriQupLek4+b3Xyn6S7tbidJ3bdEueWMyueZyyjOV3cs165xQlBOPH0L2g9xA8MGsHDrameJRcTYICzqSyTx7huCjIA9Xorydndaj0IdJRcZLfi7q3OLVnFm3pmqw3lhDcN5ksgxJCAchx8IADPLly9Faanj6bgpSaQIMX3O4qniJ0YQlNReUuDXB3yWmvJ5F6NkkRZEO5HAZWHeCMg1KjNSV1oymqU5Qk4yVpRdmuTWp0Sq/CIHrNelNLVnqcJTdoJyfUr+o+oVYZU5HSkwqKSunccrYepSlu1IuMuTOttKuMrM+7a9cVY+7a5c9Y+7a5c7Y+7a9c9Y+7a5c9Y/ba9c7Y+7a8esfdtcudPuK8eP22vXPH3FcudP2K8esfcV48fttcPH3FeOn7FePH3FePH7FePH7FePH3FePH7FcPH7FeOn3FePGJxtp/u/hPVbcDL9g0sY7y8OJVHtZMVEx9PfoSXV6sxdJ2khEaQ+2WZfjBW+QkfdrBzLBlDWZnOoOD0QKF9WM/bNOU1kKjoaei3Aa3kjzzR8/WuMj5waaqLMRIuzP70x+KN37rzpCOHenXhttQtrlcsYJY5RtyfgMG7vVT9Ce5OMuTRxq6G3deUDh2HlCZrtv5KTap+vfbWrq7dw8dG5eRfaIqoSMW78pGoPkWdlFAvc8rGVx7BtWqyr3QzfgRS8vs+ccVBcWV9J4s1y51uzF3eMYHlCPAiqkZ7TzOagc8bsjnTWD2pWnXhvy729reU7KlFRdhj4rYkQ/Yrx4+7SF3Hko6seQ+WuXOmXfcTcPWJ23F/F2ndFGe1c49Cbqh1toUKfhSQtU5PgZFz5S+F4l95903MnMdmsRTmDjBZyBUKe3aCWV35F89haoSLPC3F8ev3F3ELX3J7nWN41Zw7OHLBs4AA2kL8tPbP2ksS5K27awmpT3QixVmNn7FePH0ISMgEgdTXrnLn7FeOkVzcW9rby3Nw4jggRpJZDnCooyxOMnkBXJSSV2KhBykorNsVflA4i0Lia0tRpUkjtazOrTSRmNCrKpOAfOPdjl41Q4/GQqWS1Rs9h7Nr0HJ1LJSWl7sAoVMdy8bHPVT7DVbLNGijqQOCCQeo5H1iloSzf4elzZlD+ZuQPUef2yaYqrMUibUUy+O51x7elJixSBsEghhyI5g1JGwsjbcgcfBIzn11EYs/9Bu1pDDn6vHj9Xjx9rx0+1w8fu8HoR0I6ivHjTs+Ib+3wshFxGO5/hD1N/BqLUwkJaZMn0NpVIZPvl1/ObCajo2qw+57lUO78wnA6/Ut0+Q1DdGpSd12otI4qhiI7sreSRha5wXBbwS3djKypGpd7eTzuQ5nY3X5anYbaTk1Ga14lXjtixjFzpu1s7P5GCoWra5nrHQWvXPH0LXLnbHQWuXO2PoWvXPWPoWuXO2OgtcudsfQteuesfQtcudsQSXLLG0iQPIisVZuQAKnB5Hnj04qtr7ThBtWbaNRs/uSxOIipOUIRkk1e7dn1Lj1XK1rHLNtUz9jE7MxVPhbFOQil+WdxB83maz9Se9JvS7ChRpOjSjBvelCMY35u1rv2kI3aXI/ZTMY7Nd8jnOUz9K2B8LJx0+am2SGozjmvC9JsNctuE5j3eYT2q84I15qFIGWV2YcjXiNufU9fnfsP0Fv7vAuhK0AQ9lbKcHAXnl5PEbuRIrx6U+j7y1+fsR1bQJKjNIryrI4L5bLtjmSqHk20ZNcRyct15ZZe+ZLO9vNtaDasS7TPOg2xxq3JQ6jGDy7q7Y5CMo668FxfkKd0mmx6xbT3KhmliZUEoEqjBBjLMfpWXefEV0VHfcGlz4ZeXz6E0ccRue1iUrE4It9rbO2cHDbG7hnxrljspNRs9Vr9b5SjaSxx3eoWCmSX3OTLARhQQ5y4YfUyE8+mKkRxNRR3U8kV9XYuFqVFWnTi5z1vn2LTT0lvcvudzmKNSgbc/NjjvH3Kabb1J8KUYNKKt5Mkfo2Z432iRpCNwSIeAA5/NTsMROMd2LsiBitk4WtVVSrFSayzvbVvQlgIjJ7Q7AygjJ6lfhHv8AEVYYDE+EpvtMt3T7LzpuhT5xtGPnWnnJ45Y5D5hyD0bHLlU+niYTdou5l8TsvEUIKdWG5Fu2dr9hLtp4g2Pu2uXOn7FePWPu2vXPH3FcO2PuK8eP22vHj7iuHT7ivHj9ivHj7ivHj9ivHj7iuHT9ivHj9ivHj7ivHj9ivHj9ivHj7ivHj9ivHj9ivHj9iuHT48SSI0bjKOCrD0Hka41dHjzbJaXFjrVxZlGaW2klt51UE4MbFT06eclD6tDdk4vgyx1RzfaHf3twsiBYV27WaQ4OQT9KMnvpEaiSFRkkXNP0I2uS9yXZgAwVQF5ek5NIlUvwEuVzSS2t1+l3Hxc5pFzhMrBRhQFHgOX2q4cP26vHj6Gz0rx45N4sEgZJAs8ZDRjqQ6nK5A6cxSoNxaa4HbDFvPKfoEY/Glvc3TkZ27RCo9G5+vsFa6rt6jHwbyfvzIqoMDuJPK9xFuNtpkFvYDaC0+DPKM56b8Ipx37agVNt1ZrvVu+kejQXEyo9V1DUrWKe+u5rqRlG9pXZgT3+bnb19FU1avUm++k35xyyWh9XaowoCjwHIUwkdKE7bZ3HpBHqI/g5pR4KPJreCLidIs/lmGWIenAEv+66uNhztXtzTGay70aWqXvuDTbq+7Izi1ieYxKQpYRqWIBPIchWuqT3Yt8hmhS6Sahe287dorD5XOIdQvOwtre30+BgdpUGaXkPjPhR7Fqhr7SqNd7l6TY4fucoR8Nyn6F6Dltc1iWZJ7m8nuGiYSBWcgEqQcbRhe6q54qo2m5N2LaOzqEYuMIRjdW0+Ub6lWAZTlWGVI7wehrYp3Bo01qR3dqtxZzwyELDKjRu7clAYYOT7aTO1mmKpycZJrVM896bBcRQ3KSRsgV1OWHLIyrAH21kKmoU4O+ZTuhsv93cxB+UYNdWcTvEzbnUoA7GNWcE5DHzRz9dLjHI64M7seI1so5DI6ws5BCbSxIHeK9Ki5aI4qtGPhSJ5tfkeeKJ98hlDFGYgAADPQeNcWHdriJbRpx8GNz5JcSSgBsADoF9PppcaaREq46pPkjoSyyYQu8mOQXJbkPQKWopEVzlLVtn/9Fu1pDDn6vHj9Xjp9FePH2uHj9Xjx+OBzJwPTyrx4he7tV5Fw3oUbqWoSESqRWrJoOJruCMxRgzQMCrRTHKlSMEDvFNzwUZZvJ80PU9pzgrLvo8mY4WptyrsdBa9c7Y+ha5c7Y+ha5c7Y6C1656x9wB1OPXypLdjyzdlmzgzwjkCWPTCjPWotTHUoayXrLfDbCxtfwKUrc5d6vScXFzLA+x4CjeLnA6Z7s+NQqm14rwYt+gv8H3EV6ivUqQivrbyfyIz5+Io7PUPcl4gEbgNFcx52DPc4bmPXTUNseNHsJuI7g5NJ0an2W+s/Kt31E0t/MzywsR2Jj7RZIsGQw/TLH3OWbPKqzEVekm5Wtc1+ytnfBsPCDlvSi7cle91flZHcCtekach9zMsau7EFxEqkMfN5Mkpb4eOVMk2X0v6Z4Wfb88baHbaOGkSznZ5VxuwrqmRgNln7+Yz5xr2Yl1rpyXv5jqaKzWxEaBvdCgAIMrIX5HDoTzVV5A147CUt+78H0W6n1kdg10L5rNDK0HZr2rxKXjOcsRyxy85Qa8dqOLi5O175XLEM+oy2yqVitZCrbkJBSIE7veiCSMj4XPu9NcuIcIqV85fL5fkJG0mSO3gmebbLakzqqgIRkjHM53g46eFdsJ6ZSk1bJ5e/IztX08RWUF3FGV7KQPOwbd5jHZ5y/S825eqvWHqVa8rNkl2k0UDTPEFeVUSeRWO0KvwEZCPNfKZJrx2luuVk9L2+e/Ik0/h5bnU1keSe3McGGCqqs6v3DPUZP2q6kNYjE7scrPP1GvFpNsskkbBZRGu0SsxK7jjaFz0YnAxXbEWVZ2T0uVoLwxosLZW5iZobgAZ2yRsUfHj54O30V4d3N5b3DgcXN1dbI0gjQyo6gpkkDdlSATg8s8z314VGmtWzq3a6QqJYwu1svk7iVc4zlRjvB9QqThKm7UXYU3dBhlWwk7axW8vuvsuvKzQC1oLgrKmr6zo2iwe6NYv7fTofjXMix59Sk7j7BTc60Y6scpUZ1HaCcvIL7WfL/wha3fuDRbS7129b4HYoYoO/6dgXI5dyVX1dqQim1mXmH7nK85JTtC/nfYvnMC38rnlETXtMuNe02DSOHrm6WF7aNN8hjYbWZ3YtJ5obtAMDdtIqvhtjeqKz73iW9TuYhChJ2k6lu9fk6uvQcF5rWm2isXk3leqxjPT0nAq/dRGRp4SpLhZdZi2PHdndXUo7ErYxjAnQNK7SZ5rgYUBR1NQK+1aNKW7J99ytctqXc7iqsFKCunzaivTmb+nalaahE0tqWKI2xt67TnAPT1GpOExkK8d6Gl7Fdjtn1cLNQqpKTV8nfIt4qSQz7ivHj9ivHj7ivHj9ivHj9iuHT7ivHj9ivHj9ivHj9ivHj6Bk4HM+A5148sz9ivHj9ivHj9ivHjG4h4w4d4fj3aldhZyMpZxe+Tt6ox0HpbAqJicbTo+E8+XEXCm5aCq4n8sHEWo74NIX8CLM8t6kPdMPTJ8FPrR7az+J2xUnlDvV6SVCglrmC3D1xI13ciR2eSUdo7sSzMQ3NmJ5k+dVLWbebHZG7vpgQft9ePH3fXjx+3148fd9ePFe/DPYzqjFXKNtKnByBkcxSo6nVqYnDcm1rmL421/tgn7VPVRcjcDUyIBm5uO3vZn7mJ2+och8wqQlZDlsjb0KbdY7D1idlHqPnfbY0zNZiGaIaknCpeRyvKjRoWyNpI7sHIz8prqOlnRpr7TdTtdRjCdpayCQIzHDDoykr03KSvtp7D13SmprVHGrqwwOG+MtS1rXV07UhCLG9imiFvEm3DbC/NySx97Rh7avsBtSpXrbk0t1pjMobqutUKaKKWx1VYJj75bzGGU+lWKMajVI2ugk05qSUlo8+0KY6iDo3uH5+30KxmJ5diiFjyyUGw8z3+bWuwlROlF9QNdoU9zETj9c/TmLTyvC4g4k0yYyye5ZIgexLt2e5JCH8zO34JXuqt2onvdTRpO5tro5ZLeUteOn2zHvpdlsdxxuIUZ5en7lUkTTIXOqa9qUly67khEbFFMY54U9dxzVlToxsVtXEzu1oZJ7advppWPhlvtU8kkR3KU9W2bF3pmo3SxzmLYpAGZCF7s9OvjTMasVlccjhpvhY2uHeHzNA/ui585GxhFycEcube2mKtezyQ/DB82EcGg6XHjMRlP8mMT8wwKYdaTH44aC4XNGJIYBtjRYvQoCn5udNttjyilof/0mc+qj8ziz6WP3BWrVB8WD54lcERHULsnIZVHgAPu0tUYjbryJY9SfpKgPpXkfkNIdHkORxHNE/4IW2M+cT4bedN9FId6aJG+on8zjx6WP8AApao82IeI5Iia7um+n2j6kYpSpxG3WkyIgscsS3r5/bpayG229T6Fr1z1joLXLnbH0LXLnbHQWvXPWPoWuXO2O44ZJZFRMAHJZyCQqgZJwKh4zEypR3kr5ltsfZsMXVcJScMr5avNZZnL28qXKQu+/tOaBCFyCSOZ7ulUlTaVaXG3kN5hu5XAwjvOMp28Zv1KyJAlhHEySpmbqUP5IxJIQRn6YHryqHOcpeE2y8oYWNK3RRjCPUrLruRQh4bfezGN4mMjAjciEDCrInUFj0NJSsS5tSlbVPLy+R9RTkv45Ws2nBRGcpa25PmSyDG/wA/l2fdy8a5cd6Pd3kteL5LhlxMzXrW91qS2Fjby3UsRYvKyhHO/G7cTgFV2Daa88xylu0k95pe/vc+6PoNzEy+6WjAQZhiZ22K3XdlcEc+fKuHalfJ24lrRNJ1KS6e7tpRF2Mhj2OS7uwOCM4Gefnc/bXUmJxGJhuqMl8yNiOCRlnLl2bHv7Ko5nd9MOfzV4iyay9BLd2tmgSWIBp5TtEud+8LyLMxyV7uvdXmhNKcnk9F6CaSVbT4fnLyiYYCOMZJ2Y80r3E13QRGO/p5erz9ZXN7ZrPLJNOq3DukTRiNm7MyNtCOoHJmxjI6HnSJzjBOUmopc8jlSW7GKt3vr9hnnWEa+udPMKi4hxcQaPNKiPLAWRGuEGS/ZqGIGR8Ibaram2sNBKV3KF7b0YtxT63z6uRzp433U/pnPq5lTiHjbh86abBLyP3yNe1Me6RyVTzEJUZYKx6nr8tW3SRlFbryFYTDPf6SWfLzv0eThn1H6zvbm+t4pWU3jqQU2EB/OG4zSE8pFQDp6qST5xjDTvU+zyLk3zPq8U2n4IxWaXUSSGRuUb5MkjcgyqM7B05V0Q8PG19X6ly6wh93vCWKSKQxHYR7NrhRnJnUjDE580+2u3Iao72q8v8AteXWY5uo7O9vlmJE+UnjOfN2umwfIyMWz6K4SoxckreCULnjDTFjcwTrczyY2i2DO24DlkYCqB0Az6a6KjQbdmnZe/v2Gs9xdhQF5PcDzGZeYbbzyR1PPl4CvJ2GpUYTTUvB+T39JX48vdRg4C1u+0ret4mnzSwOh2yRgxktIpHRkTLDHeK0FWd6TkuQH6FBRxCpz+pnZ+Z29YguD+DrTV7M6jxJBc30kpWW1lupWKyxuu7d1LsPWaxGJxU97J58Qp4TCQ6OzXe8OCD6zt7OxiENjBHaxAYCxKF5dOZHM+01Bk29cywilHJZGhpmn6hqkk8enQe65LVO2uVQoTGmGwzAnIztYDHOlQozloriJ14QtvO1wU4l41v1vY9I7R/MEXbux6wuwTKkY5nvrRy2nbDw3fuSSzfK2Xa7eYz2H2Ep4ipKf3HB3Ued88+pX85u6AQEliHcFcD0fBPzkVnqhoQ24NmZLy4t2+DMgdc+MZxy9Yfn6qve56tacoc1fsMf3YYe8IVfFbi/PmvU+0LsVqjCH7FePH0KScDma8eBzibygcLcOFor267a/AyNPtsSz+jcAdsY9LkVDxGPp0tXnyLDB7Lr4jwI974zyXv5AYg8uuhuPfdGvY/HEkDD+ZLUBbcp8U/fzlrLuWr8Jw9PzG/wh5TOGOK76ew00zR3tvF27wzoq7owwVijKzBtrMufWKnYXHQrO0b+crcdsmthkpTs08smFmKmlYfsV48UdS1WOyZU2F5GAbnyULnrT1Ki5jc6iibUy6ZZ25uLlsRLjLNk5J6AAd5qDFzm7LUs3TpQW9LQzb/Tdeu53mg1yPS9FkVGiSNFSbaUG7dIcDm2SOfSnqdSnFWcN+p6Dkqc5O8Z7kOrU4OscL26R2i6oLy88yJWTLlm5DLbRtG710pUqzz3d2IxPoUrKV5FrlXBk/V48Jnyz6aIeIrW+RQFvLYLIR3yQsQSfrHQeysttynaqpc16iXQeVhdOKpkPk2lSdnqMR7myp+uBA+euTWR6WgR76YGz9vrx4/b68ePrOFGXIVfFjgfPXjxUTV7GWcW1s7XlyxwLe0Rp5Mnl8FAadhQnN2SbO7rCjTOAuNNSAZtPTS4G6yahIA+P2hFvf5SKsqOxa09bREOcVxAWK0m0viO506chpYJJrSVwMKWhYjcue5jHy9BqHiKe63HxWPN3VzSu7jsbWWTvVTt/THkPnqPFXYlIGI2w61JY4zb0KXDzx95AceoHB/mQpiYiRrh6bEn0PXjx1vrx4uaTqkemalbahLu7K2kWSXYMtsB8/A7/NzUnB1ejrRlyZ1Qc3urV5FPiK1tr3Ur7VrWUR21zI09vC4xId/nYIB5czVpWrKU21o2b3BUJwpRhLOSVsiUarZoilmYsQPNUc84zURomum0rytFdbsdNq98y5it5WhjG5C7NtUDzvNXIGc5NJdZLLeK6pj8FBu84tvXdV+1mn5Vdf0viKx05tKnZryz7RpzsZECSopcKzDmQ0a9KusZi6dS1tUQtibJxGHlPpFaD688vtgFc3iywRSSS7mbbnJ3fCHOq+MHfQv6uIppLNXIPwOshI0hhVnYklm58z6OlO77ta5EdKLd7ZkuAowoCjwAx9qki0X18/TAT+Znn7Dj7Rpv6oXwLXDzETyrg7XUHOOWVPj9dSapyJffU7W4ZrKCRu3kDIHwQoODk7qQoNZnbnWlaTJZSvNJP2ruu0gA4656sc12U7nLH//TYQWtlcGtj6FrlztjoLXrnrH0LXLnbHQWuXO2PoWuXO2OgteuesfQtcudsdBa5c7Y+ha9c7Y6C1y56x9C1y52xFeO8UDSRttkj89R3kA5Ix35GahY+N6T99C77m625jqbtvJvdds/Cyu+Vm7+YhS5u2uBtiMjzQlpbrB5uxx2DodoXkvwhz6GsxcLzhG1uCen4df5PKSxabqE85mkESbR2cVrlmA5YAjbljbnPWu2EyrQjHdV+t/P5Ti20mJoOzmeab3PyaToTvbn2uObczyriQqVdp5WV/fLkXLiz06KGP3NGgLckKDKkDkztnJXPKutIZhUm29736usllkFsCz5cDETKwAbzeZMbDkQOld0ExW/ksuP2yNbiMXE0skm2ZQvaHbkwK3IdopGGJA6jvrx1xbiktPwryGfaakqatdW8Dxw29wY3RWPmKxAiZufMZ2hvbXLj0qPepyu2u3nYt2upoUPYwSGRJG2RE5kDgDz94AV485x6a9cROlfwmtPN5Opla0ufdFrJLE80KF8z3MS7uQypidOXJn61xDtSGaWT5J+teQq6hd3D2s80RTMIZoLeRm2gHnhR1xXh6EFHLi+Pzi817yh63AjJrGnJe2rOnui3tVdLh/fFZHEsZ3yYKKNucEcjUfEYOOI3VKW5uu98uTX1WXErNq0+jouUVd5ZNvd9AaeU2z4uvtN0u54XSKGeSRXvriaaO1kW2GJAhkkwdjN5rL6axOx6mFpupDEK6t3uTlZ5rJLK/X1FXXVRuMqba5rn5fIAnEdgi8SXXMpHJ2nZ7cYcLK0jSfLcbB+lrQbAq3o28nqt8l/OXeBeckcx2Y2iJmkZEGEjd2wAeZwucVfE5yCLgjS1k1ZXwqRQhn85fMOOXn4+CMHOa6huvPdj7+gP5dQgvDbiT3tWkCrGeckrnAMcLdDtBHJq7cixpOne3LzLrl5Shqk+mvqVrMxAHZyxSyRgqp3AMqsvd2aK2cdTXmO0oVFFr1+/ECTdWVlfQy3OBbRSHsQCHyqHKgkZGeXq61IoUHU0aGdqbVjhId8pNy4rKN/Ka0fG2lO7s9ySikhQqkkA8yik5OOfU86nQ2euOZksR3R1ZK0IqC7W+vl2ZEU/lEsFQRTTtiQlI0fe2/OcjuDEjqKmKCikrmfklOTnu3lq3b0g3wNp+lWcsOjandSRaRaysou4+bpbTbpYc7g3IE7enID0VjNoYaNPENSdov3+2b3Z2KlUwqlBXkuD9+w6uwbTV9Sdb5LjQxKfwNkdTG4h3HbvyB52CFJPXGe+oVRQvaBY0nO152TPmg3sFpqN5qOi3MtteXKdjdzQsU3RttO0DwYoCT1zXOkqRVk7HnSpzd2rgtx/p6pdWmq52RyI9lcydw3AvESfQd3zV6lK6a85JpNKd3o1Y1OGLzWuIL6Ow0OGT3TsU3lwMpHGpxuaSQjkmegHM1Kw+FlVlaK9hX7RxNLC09+pKy4JLOT5L3sh08NcKWmiQljK95qEgxPeykkn6mNSTsT0dT31rMFgIUFlnLmDPae16uLln3sFpH5XzfujcCknA5k91T7lUDHFPlH4V4cLw3Vz7q1FRy061xJLn6s52R/XGoWIx9Olq8+RZYLZVfEZxVo+M9Pb5hTcTeVjirXVkt7VhpGnH4UVsx7Zl/k24OCPSEwKoMTtWpPKPer0mswWwKNLOX0yXXp2fOAMuo2kGRF79ITklfg58WY82NVlmy7ukULi8uLjlI2E7o15L8nf7a6lY9c0OE+Ibjh3iKw1iBS/uSQNLEDjtIWG2VM+LIxA8DUnC1+iqKRExuFVelKD46eXgeura5t7q2hurZxLb3CLLBKOjI4DKw9YOa2cZXV0DSUXFtPVHbKxRgp2sQQreB7jXUJFfecZWkeoXUU5MwUDsWTLSSyfTqc+B5eyruNHJWILTeuod6ZxNpGq6LFb6jKLCI28ZllmdVbtIyoZQDzyrDB5VVVMNOnPeh3zu8kWUK8Kkdyfe2WvkMnjPXeGL7RYNNsblrqW2kRon2MU2qrIcuwXubwqRgqFaNRzkrXG8VWpSpqEXewP6Pppud1w15FZRW5DdpKGclhz5Kv3SKm1qlsrOVyHTinq7WDu7494QeBHW4ZmGSIbaMyMO7azck7vGqengK6ennbLOriqMkuHUkSaRrFpq0D3FrHJFGjmPbKVLZABz5vLnmu1aMqbtJ3GFOMs46dYFeWnT+00GyvlGWtrns39CTIfOP18aj21n9uU701Lk/WSKDzEy4rMkoiV2ikWZR+RsHBPIZU56mus6bcWqWdxKYbAy6hJnCx2cTzsfAHYMD20inh6k9Isb3Wc8Qz8Q6FDbS6hodxZJeFltmuyqlimN3mISw+EOtSXs6cVeWRMwWC6dtKSVgVuOKddnxsdYFI3YiXGQOoBPPPMV2OHgusu6exaMfCvL0Dg8kfBPB+u8OjVNXtDqupRzvFMbmWR4uWHQrFkKPMcVfbOwlKcN62ZRbWh0NbdhlGyY2LDTtO06LsdOtILKLGNlvGkQx4HaAT7auIUox0RUuTepYpYk8++VG0Gn8f3M2NqTtDcZ9DIAx/dlashtWnatLrzJ1J3iY+sbvcMndtIz8uKqqeoqOoPBqkDprabLtvYyOjgj5RmmZLIbehuBqZEH3tFzjPPwHM/IK8eJVjnb4MbegnzR89ePEnuKR1KyMqqwIIGScHl6BXrnj9DpNnGF3bpSoxlzy+QYpyWIm+Ja1tuYup9Xur61WLcccMf5Gip6gM/LTTbepVzk5u8m5eV3Oy2etcOAbdSXKu0KBpGDFNoBbkOR6VoKO64p9RrY4ipVgndu6OLDh68m009o6QhCQVOWYbTnGB0rs66T5kmGDk1nkSkMDt6kdSaQTzgg+PyV04T6bOEvoYy25GcKYycglvNHL10iayOoNItJ1me3Z7eymZAOTbCijuHNttMKDfA66kVqylZ8EawupRSzywWyiRS2WMhCk8/gjwPjUuNGTiMSxEb5DAj4K0S156hqDSMOqIVjHzbmqNN0qfhzSE9NOXgo//1GMFrYXBvY6C1y52x9C1656x0Frlztj6FrlztjoLXLnbH0LXrnrH0LXLnbHQWuXO2PoWvXO2OgtcuesdmyHuPtpJiHALMQfMPPCry6E+ms5iMXWUmt61nwCTsrY+BlCE1T3t5J9827O2fVk+o+28EcSpM0as6AzbOYkCAcnDHl1xUJtvN5mjjCMbxglFaZJW8lkfp5YLiZZSwMKkiR8e+SNjd+R53FRjqO6uDkU4q3H0LznEt0I50t4pETteUgLB4lZz1Q9xxXhUad47zTy7SO2vSYy0FtIDG7dmpOZFbAHaFwArJzOK8j0qd33zXyeS3M+G01AWpdT2DStuaZG3ZUZykij6ViRyr1hTqQcra24fKiVLKOd4zNKwiJYrDzRFAOSiE5r1hLqOKdlnz+c6ksYVvgka7pCN0ocb3UKPps/CwoFetmcjU7y79/mKSJa2mtTSydnsvolkhn2gqNhKNuBGQSu2vWF99OFl9TqiaNIzcGQRhI5Bi1hLlRJ3ZVuoHfzrljspPdte7WvUUtPvPct7dWFsjTbZC9rIAA+6UAncOYZVdW5d9eHZ0t6O9J258iW2urCO1OHW6hdm3EKTHOyY97x8NNp+5Xkz04TnLxX6Y9fJ/bAK9NxY3Qkglkhmhdo0mQ4cAjkR+mApmvQhVi4TV4sk1Ib6swT1XSeJ9S1QPLqpbT2Id5HYl43TmFVQRknPPn6+lQqey6MMkivlgZb2T730lvQOGjp43SXc186lkhaRsLHCxDnKHIPnLnOam06MYttLNkmjg1Su75++QTStwxZsnuu6E+w5eGNslj34CZIz66dH1o7PM4fjXSbONk0q1mdpdxkmlKxnB6RZBZmRccs868NpO+dvfj5Qo4du5L/QF1AypCX7TdEcSRx7WKEknmjttG0+muobqTTmla/r9qKXElibjheeTCbox7pYEkN2SMNznuKgZPKvDjqpTs9NOq4DJZxMwhjiDOTlVRct4YAHOnFJrRjtSlCaW+lJJ3z58wy4T4J0jU4JjqME0FxE6n3pxHvjdcLu5NzUo1Wez55NIH3dlv060JLwZRsurdef4UhScYoicUTLYwydhZagIraNmaU7Yjt5sRy7Q5PtqixG0JPE70n3sHp5Hn2l3g9lr4BGKznVs2+uUcvNG/yhDa3cK63HB2nnzWpUqeQ95clS2fqWwvtru2qtKq1KnJT52GtiYbEUIuNaEqd9N7L', 6, 1, '2026-06-14 15:33:13', NULL);
INSERT INTO `posts` (`id`, `title`, `content`, `user_id`, `category_id`, `created_at`, `post_img`) VALUES
(23, '貓咪', '<p>看看貓咪</p><div><img src=\"uploads/post_imgs/post_23_6a34f6ff4b9f2.gif\"></div><p></p>\r\n', 3, 1, '2026-06-19 15:59:39', NULL);

-- --------------------------------------------------------

--
-- 資料表結構 `post_images`
--

CREATE TABLE `post_images` (
  `id` int(11) NOT NULL,
  `post_id` int(11) NOT NULL,
  `image_path` varchar(255) NOT NULL
) ENGINE=InnoDB DEFAULT CHARSET=utf8mb4 COLLATE=utf8mb4_general_ci;

--
-- 傾印資料表的資料 `post_images`
--

INSERT INTO `post_images` (`id`, `post_id`, `image_path`) VALUES
(1, 5, '69e470d0d765a3.44985178_1.jpg'),
(2, 5, '69e470d0d7eb92.26436214_2.jpg'),
(3, 12, '6a11498c3ceac8.23554780_1.png'),
(4, 12, '6a11498c3db407.10509987_2.jpg'),
(9, 18, '6a1255e38b7c88.86290370_1.jpg'),
(10, 19, '6a1256ba02c0e3.66666298_1.jpg'),
(11, 22, '6a2e593916a873.86142412_1.jpg'),
(12, 23, 'post_23_6a34f6ff4b9f2.gif');

-- --------------------------------------------------------

--
-- 資料表結構 `post_videos`
--

CREATE TABLE `post_videos` (
  `id` int(11) NOT NULL,
  `post_id` int(11) NOT NULL,
  `video_path` varchar(255) NOT NULL,
  `created_at` timestamp NOT NULL DEFAULT current_timestamp()
) ENGINE=InnoDB DEFAULT CHARSET=utf8mb4 COLLATE=utf8mb4_general_ci;

-- --------------------------------------------------------

--
-- 資料表結構 `reports`
--

CREATE TABLE `reports` (
  `id` int(11) NOT NULL,
  `post_id` int(11) NOT NULL,
  `user_id` int(11) NOT NULL,
  `reason` text NOT NULL,
  `status` int(11) DEFAULT 0,
  `created_at` timestamp NOT NULL DEFAULT current_timestamp()
) ENGINE=InnoDB DEFAULT CHARSET=utf8mb4 COLLATE=utf8mb4_general_ci;

--
-- 傾印資料表的資料 `reports`
--

INSERT INTO `reports` (`id`, `post_id`, `user_id`, `reason`, `status`, `created_at`) VALUES
(1, 3, 6, '疑似詐騙', 1, '2026-05-09 12:06:12'),
(2, 1, 6, '吃太多了', 1, '2026-05-09 12:23:25'),
(3, 1, 6, '真的吃太多了', 1, '2026-05-09 12:27:29'),
(4, 5, 6, '不認真上課', 1, '2026-05-09 12:31:24'),
(5, 20, 1, '一看就是ai slop，這種文章少一點拉', 0, '2026-06-14 05:32:54');

-- --------------------------------------------------------

--
-- 資料表結構 `users`
--

CREATE TABLE `users` (
  `id` int(11) NOT NULL,
  `username` varchar(50) NOT NULL,
  `password` varchar(255) NOT NULL,
  `role` tinyint(1) NOT NULL DEFAULT 0,
  `email` varchar(100) NOT NULL,
  `created_at` datetime NOT NULL DEFAULT current_timestamp(),
  `bio` text DEFAULT NULL,
  `age` int(11) DEFAULT NULL,
  `gender` varchar(50) DEFAULT NULL,
  `interests` varchar(255) DEFAULT NULL,
  `location` varchar(255) DEFAULT NULL,
  `profile_img` varchar(255) DEFAULT 'default_avatar.png',
  `last_announcement_view` datetime DEFAULT '1970-01-01 00:00:00',
  `banner_img` varchar(255) DEFAULT NULL,
  `reset_token` varchar(255) DEFAULT NULL,
  `reset_expiry` datetime DEFAULT NULL
) ENGINE=InnoDB DEFAULT CHARSET=utf8mb4 COLLATE=utf8mb4_general_ci;

--
-- 傾印資料表的資料 `users`
--

INSERT INTO `users` (`id`, `username`, `password`, `role`, `email`, `created_at`, `bio`, `age`, `gender`, `interests`, `location`, `profile_img`, `last_announcement_view`, `banner_img`, `reset_token`, `reset_expiry`) VALUES
(1, 'hotdog', '$2y$10$HWl.ASd.sOwQqHECMoZI7uk4SI0THwWRF9O48r1G6jaeDnAPabHji', 0, 'a0903291833@gmail.com', '2026-04-02 20:36:06', '喜愛小動物和運動', 18, '女', '運動、看漫畫', '台中市', 'profile_1_1779580248.jpg', '1970-01-01 00:00:00', 'banner_1_1781320572.jpg', 'e2e64aff51781e2f7919be110d043011a394e21b71ac2349f5129c8b7ede1207', '2026-06-14 09:13:44'),
(3, 'cookieCat', '$2y$10$D8B4444cpusI0.unnDwO9u7erse6WRq.2WcqmB4Q8PuS6J7r6PWR2', 0, 'a1133361@mail.nuk.edu.tw', '2026-04-03 16:23:23', '我絕對不會神機錯亂!!!我是會站上夜城頂端的男人!!!', NULL, NULL, NULL, NULL, 'avatar_3_69d21a720ba343.42845887.jpg', '1970-01-01 00:00:00', 'banner_3_1779582017.jpg', NULL, NULL),
(4, 'Python', '$2y$10$xN3HYWlwY.SsP4ZSn54YC.Nivw2NGN3LUo6F.dtB6ypZsoUg6v8E.', 0, 'aaa0903291833@gmail.com', '2026-04-19 14:25:59', '', NULL, NULL, NULL, NULL, 'avatar_4_69e475b8402588.22933674.jpg', '1970-01-01 00:00:00', NULL, NULL, NULL),
(6, '老大', '$2y$10$D8B4444cpusI0.unnDwO9u7erse6WRq.2WcqmB4Q8PuS6J7r6PWR2', 1, 'a1133361@mail.nuk.edu.tw', '2026-05-09 15:38:54', NULL, NULL, NULL, NULL, NULL, 'default_avatar.png', '1970-01-01 00:00:00', NULL, NULL, NULL);

--
-- 已傾印資料表的索引
--

--
-- 資料表索引 `browsing_history`
--
ALTER TABLE `browsing_history`
  ADD PRIMARY KEY (`id`),
  ADD UNIQUE KEY `unique_user_post` (`user_id`,`post_id`),
  ADD KEY `post_id` (`post_id`);

--
-- 資料表索引 `categories`
--
ALTER TABLE `categories`
  ADD PRIMARY KEY (`id`),
  ADD UNIQUE KEY `name` (`name`);

--
-- 資料表索引 `comments`
--
ALTER TABLE `comments`
  ADD PRIMARY KEY (`id`),
  ADD KEY `post_id` (`post_id`),
  ADD KEY `user_id` (`user_id`),
  ADD KEY `fk_parent_comment` (`parent_id`);

--
-- 資料表索引 `friends`
--
ALTER TABLE `friends`
  ADD PRIMARY KEY (`id`),
  ADD UNIQUE KEY `unique_friendship` (`user_id`,`friend_id`),
  ADD KEY `friend_id` (`friend_id`);

--
-- 資料表索引 `likes`
--
ALTER TABLE `likes`
  ADD PRIMARY KEY (`id`),
  ADD UNIQUE KEY `user_post_like` (`user_id`,`post_id`),
  ADD KEY `post_id` (`post_id`);

--
-- 資料表索引 `messages`
--
ALTER TABLE `messages`
  ADD PRIMARY KEY (`id`),
  ADD KEY `sender_id` (`sender_id`),
  ADD KEY `receiver_id` (`receiver_id`);

--
-- 資料表索引 `posts`
--
ALTER TABLE `posts`
  ADD PRIMARY KEY (`id`),
  ADD KEY `user_id` (`user_id`),
  ADD KEY `category_id` (`category_id`);

--
-- 資料表索引 `post_images`
--
ALTER TABLE `post_images`
  ADD PRIMARY KEY (`id`),
  ADD KEY `post_id` (`post_id`);

--
-- 資料表索引 `post_videos`
--
ALTER TABLE `post_videos`
  ADD PRIMARY KEY (`id`),
  ADD KEY `post_id` (`post_id`);

--
-- 資料表索引 `reports`
--
ALTER TABLE `reports`
  ADD PRIMARY KEY (`id`),
  ADD KEY `post_id` (`post_id`),
  ADD KEY `user_id` (`user_id`);

--
-- 資料表索引 `users`
--
ALTER TABLE `users`
  ADD PRIMARY KEY (`id`),
  ADD UNIQUE KEY `username` (`username`);

--
-- 在傾印的資料表使用自動遞增(AUTO_INCREMENT)
--

--
-- 使用資料表自動遞增(AUTO_INCREMENT) `browsing_history`
--
ALTER TABLE `browsing_history`
  MODIFY `id` int(11) NOT NULL AUTO_INCREMENT, AUTO_INCREMENT=123;

--
-- 使用資料表自動遞增(AUTO_INCREMENT) `categories`
--
ALTER TABLE `categories`
  MODIFY `id` int(11) NOT NULL AUTO_INCREMENT, AUTO_INCREMENT=8;

--
-- 使用資料表自動遞增(AUTO_INCREMENT) `comments`
--
ALTER TABLE `comments`
  MODIFY `id` int(11) NOT NULL AUTO_INCREMENT, AUTO_INCREMENT=27;

--
-- 使用資料表自動遞增(AUTO_INCREMENT) `friends`
--
ALTER TABLE `friends`
  MODIFY `id` int(11) NOT NULL AUTO_INCREMENT, AUTO_INCREMENT=27;

--
-- 使用資料表自動遞增(AUTO_INCREMENT) `likes`
--
ALTER TABLE `likes`
  MODIFY `id` int(11) NOT NULL AUTO_INCREMENT, AUTO_INCREMENT=43;

--
-- 使用資料表自動遞增(AUTO_INCREMENT) `messages`
--
ALTER TABLE `messages`
  MODIFY `id` int(11) NOT NULL AUTO_INCREMENT, AUTO_INCREMENT=46;

--
-- 使用資料表自動遞增(AUTO_INCREMENT) `posts`
--
ALTER TABLE `posts`
  MODIFY `id` int(11) NOT NULL AUTO_INCREMENT, AUTO_INCREMENT=24;

--
-- 使用資料表自動遞增(AUTO_INCREMENT) `post_images`
--
ALTER TABLE `post_images`
  MODIFY `id` int(11) NOT NULL AUTO_INCREMENT, AUTO_INCREMENT=13;

--
-- 使用資料表自動遞增(AUTO_INCREMENT) `post_videos`
--
ALTER TABLE `post_videos`
  MODIFY `id` int(11) NOT NULL AUTO_INCREMENT;

--
-- 使用資料表自動遞增(AUTO_INCREMENT) `reports`
--
ALTER TABLE `reports`
  MODIFY `id` int(11) NOT NULL AUTO_INCREMENT, AUTO_INCREMENT=6;

--
-- 使用資料表自動遞增(AUTO_INCREMENT) `users`
--
ALTER TABLE `users`
  MODIFY `id` int(11) NOT NULL AUTO_INCREMENT, AUTO_INCREMENT=7;

--
-- 已傾印資料表的限制式
--

--
-- 資料表的限制式 `browsing_history`
--
ALTER TABLE `browsing_history`
  ADD CONSTRAINT `browsing_history_ibfk_1` FOREIGN KEY (`user_id`) REFERENCES `users` (`id`) ON DELETE CASCADE,
  ADD CONSTRAINT `browsing_history_ibfk_2` FOREIGN KEY (`post_id`) REFERENCES `posts` (`id`) ON DELETE CASCADE;

--
-- 資料表的限制式 `comments`
--
ALTER TABLE `comments`
  ADD CONSTRAINT `fk_parent_comment` FOREIGN KEY (`parent_id`) REFERENCES `comments` (`id`) ON DELETE CASCADE;

--
-- 資料表的限制式 `friends`
--
ALTER TABLE `friends`
  ADD CONSTRAINT `friends_ibfk_1` FOREIGN KEY (`user_id`) REFERENCES `users` (`id`) ON DELETE CASCADE,
  ADD CONSTRAINT `friends_ibfk_2` FOREIGN KEY (`friend_id`) REFERENCES `users` (`id`) ON DELETE CASCADE;

--
-- 資料表的限制式 `likes`
--
ALTER TABLE `likes`
  ADD CONSTRAINT `likes_ibfk_1` FOREIGN KEY (`user_id`) REFERENCES `users` (`id`) ON DELETE CASCADE,
  ADD CONSTRAINT `likes_ibfk_2` FOREIGN KEY (`post_id`) REFERENCES `posts` (`id`) ON DELETE CASCADE;

--
-- 資料表的限制式 `messages`
--
ALTER TABLE `messages`
  ADD CONSTRAINT `messages_ibfk_1` FOREIGN KEY (`sender_id`) REFERENCES `users` (`id`),
  ADD CONSTRAINT `messages_ibfk_2` FOREIGN KEY (`receiver_id`) REFERENCES `users` (`id`);

--
-- 資料表的限制式 `post_images`
--
ALTER TABLE `post_images`
  ADD CONSTRAINT `post_images_ibfk_1` FOREIGN KEY (`post_id`) REFERENCES `posts` (`id`) ON DELETE CASCADE;

--
-- 資料表的限制式 `post_videos`
--
ALTER TABLE `post_videos`
  ADD CONSTRAINT `post_videos_ibfk_1` FOREIGN KEY (`post_id`) REFERENCES `posts` (`id`) ON DELETE CASCADE;

--
-- 資料表的限制式 `reports`
--
ALTER TABLE `reports`
  ADD CONSTRAINT `reports_ibfk_1` FOREIGN KEY (`post_id`) REFERENCES `posts` (`id`) ON DELETE CASCADE,
  ADD CONSTRAINT `reports_ibfk_2` FOREIGN KEY (`user_id`) REFERENCES `users` (`id`) ON DELETE CASCADE;
COMMIT;

/*!40101 SET CHARACTER_SET_CLIENT=@OLD_CHARACTER_SET_CLIENT */;
/*!40101 SET CHARACTER_SET_RESULTS=@OLD_CHARACTER_SET_RESULTS */;
/*!40101 SET COLLATION_CONNECTION=@OLD_COLLATION_CONNECTION */;
